article_id,display_id,article_type,title,status,article_eff_date,article_end_date
52369,,6,Billing and Coding: Arthroscopic Lavage and Arthroscopic Debridement for the Osteoarthritic Knee – Medical Policy Article,A,2026-04-01 00:00:00,
52370,,6,Billing and Coding: Bevacizumab and biosimilars,A,2026-07-01 00:00:00,
52379,,6,"Billing and Coding: CPT Code 87641 (Infectious agent detection by nucleic acid (DNA or RNA); Staphylococcus aureus, methicillin resistant, amplified probe technique)",A,2026-04-01 00:00:00,
52399,,6,"Billing and Coding: Denosumab (Prolia®, Xgeva®, Jubbonti®) and biosimilars",A,2026-07-01 00:00:00,
52420,,6,Billing and Coding: Hyaluronans Intra-articular Injections of,A,2026-04-01 00:00:00,
52421,,6,Billing and Coding: Ibandronate Sodium,A,2026-04-01 00:00:00,
52423,,6,Billing and Coding: Infliximab and biosimilars,A,2026-04-01 00:00:00,
52430,,1,Clinical Trials – Medical Policy Article,A,2025-12-04 00:00:00,
52432,,6,"Billing and Coding: Insertion of anterior segment aqueous drainage device, without extraocular reservoir, external approach (0192T 66183)",A,2023-11-16 00:00:00,
52434,,1,Health and Behavior Assessment/Intervention – Medical Policy Article,A,2026-04-01 00:00:00,
52435,,6,Billing and Coding: Osteopathic Manipulative Treatment,A,2025-12-04 00:00:00,
52437,,6,Billing and Coding: Sentinel Lymph Node Biopsy – Medical Policy Article,A,2025-12-04 00:00:00,
52438,,6,Billing and Coding: Tetanus Immunization,A,2025-10-01 00:00:00,
52447,,1,Laparoscopic Sleeve Gastrectomy (LSG) – Medical Policy Article,A,2026-04-01 00:00:00,
52448,,6,"Billing and Coding: Omalizumab and biosimilar, OMLYCLO® (omalizumab-igec)",A,2026-04-01 00:00:00,
52450,,6,"Billing and Coding: Paclitaxel (e.g., Taxol®/Abraxane ™)",A,2026-04-01 00:00:00,
52451,,6,"Billing and Coding: Ranibizumab, Aflibercept and biosimilars",A,2026-07-01 00:00:00,
52453,,6,Billing and Coding: Luteinizing Hormone-Releasing Hormone (LHRH) Analogs,A,2026-04-01 00:00:00,
52457,,1,Ankle-Foot/Knee-Ankle-Foot Orthoses - Policy Article,A,2026-04-01 00:00:00,
52458,,1,Automatic External Defibrillators - Policy Article,A,2025-09-04 00:00:00,
52459,,1,Canes and Crutches - Policy Article,A,2020-01-01 00:00:00,
52460,,1,Cold Therapy - Policy Article,A,2020-01-01 00:00:00,
52461,,1,Commodes - Policy Article,A,2020-01-01 00:00:00,
52462,,1,Eye Prostheses - Policy Article,A,2020-01-01 00:00:00,
52463,,1,Facial Prostheses - Policy Article,A,2020-01-01 00:00:00,
52464,,1,Glucose Monitor - Policy Article,A,2025-02-18 00:00:00,
52465,,1,Knee Orthoses - Policy Article,A,2026-01-25 00:00:00,
52466,,1,Nebulizers - Policy Article,A,2026-02-01 00:00:00,
52467,,1,Positive Airway Pressure (PAP) Devices for the Treatment of Obstructive Sleep Apnea - Policy Article,A,2021-08-08 00:00:00,
52468,,1,Pressure Reducing Support Surfaces - Group 3- Policy Article,A,2020-01-01 00:00:00,
52469,,1,Speech Generating Devices (SGD) - Policy Article,A,2024-10-01 00:00:00,
52470,,6,Billing and Coding: Venipuncture Necessitating Physician’s Skill for Specimen Collection – Supplemental Instructions Article,A,2026-08-06 00:00:00,
52474,,1,Immunosuppressive Drugs - Policy Article,A,2025-01-01 00:00:00,
52476,,1,Cervical Traction Devices - Policy Article,A,2020-01-01 00:00:00,
52477,,1,Infrared Heating Pad Systems - Policy Article,A,2020-01-01 00:00:00,
52478,,1,External Breast Prostheses - Policy Article,A,2025-10-01 00:00:00,
52479,,1,Oral Anticancer Drugs - Policy Article,A,2026-01-01 00:00:00,
52480,,1,Oral Antiemetic Drugs (Replacement for Intravenous Antiemetics) - Policy Article,A,2026-01-01 00:00:00,
52481,,1,Orthopedic Footwear - Policy Article,A,2023-11-01 00:00:00,
52487,,1,Ostomy Supplies - Policy Article,A,2022-01-01 00:00:00,
52489,,1,Pressure Reducing Support Surfaces - Group 1 - Policy Article,A,2021-05-01 00:00:00,
52490,,1,Pressure Reducing Support Surfaces - Group 2 - Policy Article,A,2020-01-01 00:00:00,
52492,,1,Tracheostomy Care Supplies - Policy Article,A,2020-01-01 00:00:00,
52494,,1,High Frequency Chest Wall Oscillation Devices - Policy Article,A,2025-10-01 00:00:00,
52495,,1,Intrapulmonary Percussive Ventilation System - Policy Article,A,2020-01-01 00:00:00,
52496,,1,Lower Limb Prostheses - Policy Article,A,2026-08-01 00:00:00,
52497,,1,Manual Wheelchair Bases - Policy Article,A,2024-07-01 00:00:00,
52498,,1,Power Mobility Devices - Policy Article,A,2025-10-01 00:00:00,
52499,,1,Refractive Lenses - Policy Article,A,2020-10-01 00:00:00,
52500,,1,Spinal Orthoses: TLSO and LSO - Policy Article,A,2024-01-23 00:00:00,
52501,,1,Therapeutic Shoes for Persons with Diabetes - Policy Article,A,2024-12-05 00:00:00,
52502,,1,Heating Pads and Heat Lamps - Policy Article,A,2020-01-01 00:00:00,
52503,,1,Walkers - Policy Article,A,2025-10-01 00:00:00,
52504,,1,Wheelchair Options/Accessories - Policy Article,A,2025-10-01 00:00:00,
52505,,1,Wheelchair Seating - Policy Article,A,2025-10-01 00:00:00,
52507,,1,External Infusion Pumps - Policy Article,A,2026-01-25 00:00:00,
52508,,1,Hospital Beds And Accessories - Policy Article,A,2020-01-01 00:00:00,
52509,,1,Intravenous Immune Globulin - Policy Article,A,2026-07-01 00:00:00,
52510,,1,Mechanical In-exsufflation Devices - Policy Article,A,2025-10-01 00:00:00,
52511,,1,Negative Pressure Wound Therapy Pumps - Policy Article,A,2021-08-15 00:00:00,
52512,,1,Oral Appliances for Obstructive Sleep Apnea - Policy Article,A,2021-08-08 00:00:00,
52513,,1,Osteogenesis Stimulators - Policy Article,A,2026-05-18 00:00:00,
52514,,1,Oxygen and Oxygen Equipment - Policy Article,A,2023-04-01 00:00:00,
52516,,1,Patient Lifts - Policy Article,A,2020-01-01 00:00:00,
52517,,1,Respiratory Assist Devices - Policy Article,A,2025-06-09 00:00:00,
52518,,1,Seat Lift Mechanisms - Policy Article,A,2023-07-02 00:00:00,
52519,,1,Suction Pumps - Policy Article,A,2023-04-01 00:00:00,
52520,,1,Transcutaneous Electrical Nerve Stimulators (TENS) - Policy Article,A,2023-01-01 00:00:00,
52521,,1,Urological Supplies - Policy Article,A,2026-04-01 00:00:00,
52527,,3,Self-Administered Drug Exclusion List: and Biologicals Excluded from Coverage - Medical Policy Article,A,2026-06-14 00:00:00,
52535,,1,Process for Determining Self-Administered Drug Exclusions – Medical Policy Article,A,2026-08-06 00:00:00,
52537,,1,Traumeel Injections,A,2024-01-04 00:00:00,
52571,,3,Self-Administered Drug Exclusion List:,A,2026-08-30 00:00:00,
52711,,1,Tumor Treatment Field Therapy (TTFT) - Policy Article,A,2020-01-01 00:00:00,
52712,,1,Vacuum Erection Devices (VED) - Policy Article,A,2020-01-01 00:00:00,
52713,,1,Transcutaneous Electrical Joint Stimulation Devices (TEJSD) - Policy Article,A,2020-01-01 00:00:00,
52800,,3,Self-Administered Drug Exclusion List: (SAD List),A,2026-07-16 00:00:00,
52825,,1,Psychological Services Coverage under the Incident to Provision for Physicians and Non-physicians – Medical Policy Article,A,2026-04-01 00:00:00,
52830,,6,Billing and Coding: Hospice:  Determining Terminal Status,A,2026-04-01 00:00:00,
52837,,1,Blepharoplasty - Medical Policy Article,A,2026-04-01 00:00:00,
52840,,1,Clinical Trials – Medical Policy Article,A,2026-04-01 00:00:00,
52841,,1,Investigational Device Exemption Requests -  Medical Policy Article,A,2026-04-01 00:00:00,
52842,,1,Local Coverage Determination (LCD) Reconsideration Process - Medical Policy Article,A,2026-04-01 00:00:00,
52845,,1,Home Health Skilled Nursing Care: Teaching and Training for Dementia Patients with Behavioral Disturbances - Medical Policy Article,A,2026-04-01 00:00:00,
52849,,6,Billing and Coding: Breast Imaging: Breast Echography (Sonography)/Breast MRI/Ductography,A,2026-04-01 00:00:00,
52850,,6,Billing and Coding: Cardiac Catheterization and Coronary Angiography,A,2026-04-01 00:00:00,
52855,,6,Billing and Coding: Drugs and Biologicals,A,2026-04-01 00:00:00,
52863,,6,"Billing and Coding: Pain Management - injection of tendon sheaths, ligaments, bursa, and ganglion cysts",A,2026-10-25 00:00:00,
52866,,6,Billing and Coding: Speech-Language Pathology,A,2026-04-01 00:00:00,
52868,,6,Billing and Coding: Transesophageal Echocardiography (TEE),A,2026-04-01 00:00:00,
52870,,6,Billing and Coding: Treatment of Varicose Veins of the Lower Extremity,A,2026-04-01 00:00:00,
52917,,1,Rural Air Ambulance Service Protocols,A,2015-10-01 00:00:00,
52918,,1,Coverage of Foot Care Services,A,2015-10-01 00:00:00,
52986,,6,Billing and Coding: Biomarkers for Oncology,A,2025-04-24 00:00:00,
52992,,6,Billing and Coding: Non-Invasive Cerebrovascular Arterial Studies,A,2025-01-01 00:00:00,
52993,,6,Billing and Coding: Peripheral Venous Ultrasound,A,2024-10-01 00:00:00,
52996,,6,Billing and Coding: Routine Foot Care,A,2025-10-01 00:00:00,
52998,,6,Billing and Coding: Surgical Treatment of Nails,A,2026-01-01 00:00:00,
53001,,6,Billing and Coding: Wound Care,A,2026-01-01 00:00:00,
53006,,6,Billing and Coding: Hemorrhoid Artery Ligation,A,2020-01-01 00:00:00,
53008,,6,Billing and Coding: Intraocular Bevacizumab,A,2025-11-06 00:00:00,
53018,,6,"Billing and Coding: Surveillance of Implantable or Wearable Cardioverter Defibrillators (ICDs): Office, Hospital, Web, or Non-Web Based",A,2026-04-01 00:00:00,
53019,,1,Polysomnography and Sleep Studies – Medical Policy Article,A,2026-04-01 00:00:00,
53020,,1,Process for Determining Self-Administered Drug Exclusions – Medical Policy Article,A,2026-04-01 00:00:00,
53021,,3,Self-Administered Drug Exclusion List: Medical Policy Article,A,2026-08-29 00:00:00,
53024,,6,Billing and Coding: JW and JZ Modifier Billing Guidelines,A,2025-09-25 00:00:00,
53026,,6,Billing and Coding: Bariatric Surgery Coverage,A,2026-01-01 00:00:00,
53032,,3,Self-Administered Drug Exclusion List:,A,2026-08-29 00:00:00,
53033,,3,Self-Administered Drug Exclusion List:,A,2026-08-29 00:00:00,
53043,,6,Billing and Coding: Endometrial Hyperplasia Treatment,A,2026-07-01 00:00:00,
53047,,6,Billing and Coding: Complex Cataract Surgery: Appropriate Use and Documentation,A,2022-01-01 00:00:00,
53052,,6,Billing and Coding: Home Health Speech-Language Pathology,A,2025-10-01 00:00:00,
53053,,6,Billing and Coding: CPT Code 97755 - Assistive Technology Assessment,A,2022-05-19 00:00:00,
53055,,1,Home-Based Fall Evaluations and Interventions,A,2019-04-11 00:00:00,
53056,,1,Hospice: Documenting Weight Loss for Beneficiaries with Non-Neoplastic Conditions,A,2023-12-07 00:00:00,
53057,,6,Billing and Coding: Home Health Occupational Therapy,A,2026-10-01 00:00:00,
53058,,6,Billing and Coding: Home Health Physical Therapy,A,2026-10-01 00:00:00,
53060,,6,Billing and Coding: Ophthalmology: Extended Ophthalmoscopy and Fundus Photography,A,2025-10-01 00:00:00,
53064,,6,Billing and Coding: Outpatient Occupational Therapy,A,2026-10-01 00:00:00,
53065,,6,Billing and Coding: Outpatient Physical Therapy,A,2026-10-01 00:00:00,
53066,,3,Self-Administered Drug Exclusion List:,A,2026-08-29 00:00:00,
53084,,6,Billing and Coding: Sclerosing of Varicose Veins,A,2025-10-02 00:00:00,
53095,,6,Billing and Coding: Lab: Bladder/Urothelial Tumor Markers,A,2024-10-01 00:00:00,
53101,,6,Billing and Coding: MolDX: bioTheranostics Cancer TYPE ID® Update,A,2024-10-01 00:00:00,
53104,,6,Billing and Coding: MolDX: MammaPrint,A,2022-01-01 00:00:00,
53105,,6,Billing and Coding: MolDX: Oncotype DX® Breast Cancer Assay,A,2019-10-24 00:00:00,
53106,,1,MolDX: Oncotype DX® Colon Cancer Assay Update,A,2018-02-26 00:00:00,
53127,,3,Self-Administered Drug Exclusion List:,A,2026-08-30 00:00:00,
53134,,6,Billing and Coding: NCD Coding Article for Positron Emission Tomography (PET) Scans Used for Non-Oncologic Conditions,A,2023-10-13 00:00:00,
53296,,6,"Billing and Coding: Wound Care & Debridement – Provided by a Therapist, Physician, NPP or as Incident-to Services",A,2026-03-05 00:00:00,
53304,,6,Billing and Coding: Medical Necessity of Therapy Services,A,2025-10-02 00:00:00,
53322,,6,Billing and Coding: Fracture Care,A,2025-09-25 00:00:00,
53352,,6,Billing and Coding: Outpatient Therapy Biofeedback Training,A,2025-10-02 00:00:00,
53356,,1,Sterilization,A,2025-10-02 00:00:00,
53359,,6,Billing and Coding: Sacral Nerve Stimulation for Urinary and Fecal Incontinence,A,2026-04-06 00:00:00,
53387,,6,Billing and Coding: Aflibercept (EYLEA®),A,2026-07-01 00:00:00,
53399,,6,Billing and Coding: CPT® Modifier 59: Gastroenterology,A,2019-11-14 00:00:00,
53423,,6,Billing and Coding: Repeat X-ray or EKG Interpretations by Same or Different Physician,A,2019-10-10 00:00:00,
53435,,6,Billing and Coding: Thermal Capsulorrhaphy,A,2023-01-01 00:00:00,
53441,,6,Billing and Coding: Amniotic Membrane Billing Guidelines for HCPCS Code V2790,A,2019-10-03 00:00:00,
53444,,6,Billing and Coding: Periodic Adjustment of Gastric Restrictive Device after the Global Period,A,2023-01-01 00:00:00,
53446,,1,Oral Surgery and Maxillofacial Surgery Specialty Codes,A,2018-02-26 00:00:00,
53472,,6,Billing and Coding: Pre/Postoperative Care: Date of Service,A,2020-01-01 00:00:00,
53480,,6,Billing and Coding: MolDX: HTTLPR Gene Testing,A,2019-10-24 00:00:00,
53482,,6,Billing and Coding: Repeat or Duplicate Services on the Same Day,A,2019-10-31 00:00:00,
53484,,6,Billing and Coding: MolDX: BluePrint® Test,A,2026-04-01 00:00:00,
53488,,6,"Billing and Coding: Radiology Services: Multiple, Identical Services on Same Day",A,2019-10-10 00:00:00,
53495,,1,Glaucoma Screening,A,2024-11-21 00:00:00,
53497,,6,Billing and Coding: Oral Maxillofacial Prosthesis,A,2023-01-01 00:00:00,
53531,,6,Billing and Coding: MolDX: BCR-ABL,A,2024-09-19 00:00:00,
53538,,6,Billing and Coding: MolDX: SULT4A1 Genetic Testing,A,2019-10-24 00:00:00,
53558,,6,Billing and Coding: MolDX: PIK3CA Gene Tests,A,2022-01-01 00:00:00,
53605,,6,Billing and Coding: MolDX: Arrhythmogenic Right Ventricular Dysplasia/Cardiomyopathy (ARVD/C) Testing,A,2021-07-15 00:00:00,
53702,,6,Billing and Coding: MolDX: SEPT9 Gene Test,A,2019-11-21 00:00:00,
53708,,6,Billing and Coding: External Components for Cochlear Implants,A,2019-11-07 00:00:00,
53773,,6,"Billing and Coding: Low frequency, non-contact, non-thermal ultrasound",A,2024-01-01 00:00:00,
53775,,6,Billing and Coding: Frequency and Duration for Cardiac Rehabilitation and Intensive Cardiac Rehabilitation,A,2025-01-01 00:00:00,
53778,,6,"Billing and Coding: Infusion, Injection and Hydration Services",A,2019-10-03 00:00:00,
53781,,6,Billing and Coding: Spiracur SNaP<sup>®</sup> Wound Care System,A,2024-01-01 00:00:00,
53784,,6,Billing and Coding: The Routine Costs of Investigational Chemotherapy Drugs Studied In a Qualifying Clinical Trial,A,2020-08-20 00:00:00,
53793,,6,Billing and Coding: Sex Reassignment Services for Sexual Identity Dysphoria,A,2026-10-01 00:00:00,
53883,,6,Billing and Coding: Mohs Micrographic Surgery (MMS),A,2023-12-11 00:00:00,
53893,,1,Self-Administered Drugs - Process to Determine Which Drugs Are Usually Self-administered By the Patient,A,2025-10-02 00:00:00,
53916,,1,Dropless Cataract Surgery,A,2025-10-02 00:00:00,
53931,,1,Fracture of Ribs with Internal Fixation,A,2024-11-14 00:00:00,
53972,,6,Billing and Coding: Spinal Fusion Services: Documentation Requirements,A,2025-10-02 00:00:00,
53986,,6,Billing and Coding: Percutaneous Ventricular Assist Device,A,2024-12-12 00:00:00,
53988,,6,Billing and Coding: Percutaneous Ventricular Assist Device,A,2024-12-12 00:00:00,
54018,,6,Billing and Coding: MolDX: FDA-Approved BRAF Tests,A,2023-07-27 00:00:00,
54021,,6,Billing and Coding: MolDX: FDA-Approved EGFR Tests,A,2024-05-30 00:00:00,
54061,,6,Billing and Coding: Arthroscopic Lavage and Arthroscopic Debridement for Osteoarthritic Knees,A,2026-01-01 00:00:00,
54095,,6,Billing and Coding: Nerve Conduction Studies and Electromyography,A,2025-10-01 00:00:00,
54111,,6,Billing and Coding: Speech Language Pathology (SLP) Services:  Communication Disorders,A,2025-10-01 00:00:00,
54117,,6,Billing and Coding: Application of Bioengineered Skin Substitutes to Lower Extremity Chronic Non-Healing Wounds,A,2026-01-01 00:00:00,
54137,,5,Response to Comments: Intravenous Immune Globulin (IVIG) L35893,A,,
54188,,6,Billing and Coding: MolDX: bioTheranostics Cancer TYPE ID®,A,2024-10-01 00:00:00,
54191,,6,Billing and Coding: MolDX: FDA-Approved BRAF Tests,A,2023-11-16 00:00:00,
54192,,6,Billing and Coding: MolDX: FDA-Approved EGFR Tests,A,2024-05-30 00:00:00,
54194,,6,Billing and Coding: MolDX: MammaPrint,A,2023-11-22 00:00:00,
54195,,6,Billing and Coding: MolDX: Oncotype DX® Breast Cancer Assay,A,2023-11-22 00:00:00,
54196,,6,Billing and Coding: MolDX: Oncotype DX® Colon Cancer Assay Update,A,2023-11-22 00:00:00,
54257,,6,Billing and Coding: MolDX: BluePrint® Test,A,2023-11-16 00:00:00,
54269,,6,Billing and Coding: MolDX: HTTLPR Gene Testing,A,2023-11-22 00:00:00,
54270,,6,Billing and Coding: MolDX: IKBKAP Genetic Testing,A,2023-11-22 00:00:00,
54283,,6,Billing and Coding: MolDX: SULT4A1 Genetic Testing,A,2023-11-22 00:00:00,
54295,,6,Billing and Coding: MolDX: PIK3CA Gene Tests,A,2023-11-15 00:00:00,
54300,,6,Billing and Coding: MolDx: SEPT9 Gene Test,A,2023-11-16 00:00:00,
54327,,6,Billing and Coding: ArgusM II Retinal Prosthesis System,A,2023-11-16 00:00:00,
54338,,6,Billing and Coding: MolDX: Germline testing for use of PARP inhibitors,A,2025-10-01 00:00:00,
54386,,6,Billing and Coding: MolDX: bioTheranostics Cancer TYPE ID® Update,A,2026-02-19 00:00:00,
54398,,5,Response to Comments: Non-Invasive Cerebrovascular Studies,A,,
54399,,5,Response to Comments: Non-Invasive Peripheral Arterial Vascular Studies,A,,
54400,,5,Response to Comments: Non-Invasive Peripheral Venous Vascular and Hemodialysis Access Studies,A,,
54402,,5,Response to Comments: Non-Invasive Abdominal/Visceral Vascular Studies,A,,
54403,,5,Response to Comments: Autonomic Function Testing LCD,A,,
54418,,6,Billing and Coding: MolDX: FDA-Approved BRAF Tests,A,2026-02-19 00:00:00,
54422,,6,Billing and Coding: MolDX: FDA-Approved EGFR Tests,A,2026-02-19 00:00:00,
54445,,6,Billing and Coding: MolDX: MammaPrint,A,2026-02-19 00:00:00,
54472,,6,Billing and Coding: MolDX: FDA-Approved KRAS Tests,A,2022-07-14 00:00:00,
54480,,6,Billing and Coding: MolDX: Oncotype DX® Breast Cancer Assay,A,2026-02-19 00:00:00,
54484,,6,Billing and Coding: MolDX: Oncotype DX® Colon Cancer,A,2026-02-19 00:00:00,
54498,,6,Billing and Coding: MolDX: FDA-Approved KRAS Tests,A,2026-02-19 00:00:00,
54516,,1,Bowel Management Devices - Policy Article,A,2026-04-01 00:00:00,
54543,,1,Therapeutic Apheresis for Familial Hypercholesterolemia,A,2025-11-06 00:00:00,
54547,,5,Response to Comments: MolDX: Molecular Diagnostic Tests (MDT),A,,
54548,,6,"Billing and Coding: Eculizumab, and Biosimilars: EPYSQLI®-eculizumab-aagh, and  BKEMV™-eculizumab-aeeb",A,2026-04-01 00:00:00,
54552,,5,Response to Comments: MolDX: Molecular Diagnostic Tests (MDT),A,,
54553,,5,Response to Comments: MolDX: Molecular Diagnostic Tests (MDT),A,,
54554,,5,Response to Comments: MolDX: Molecular Diagnostic Tests (MDT),A,,
54555,,6,"Billing and Coding: Low frequency, non-contact, non-thermal ultrasound",A,2024-01-01 00:00:00,
54559,,6,Billing and Coding: Xofigo Billing Instructions,A,2021-09-02 00:00:00,
54562,,5,Response to Comments: LCD 35998 Non-Coronary Vascular Stents,A,,
54563,,1,Surgical Dressings - Policy Article,A,2024-12-05 00:00:00,
54584,,5,Response to Comments: Molecular Diagnostic Tests(MDTs) L36021,A,,
54586,,5,"Response to Comments: Testing for Hypercoagulability/Thrombophilia (Factor V Leiden, Factor II prothrombin, and MTHFR)",A,,
54588,,5,Response to Comments: MoPath: Special Histochemical Stains and Immunohistochemical Stains,A,,
54589,,5,"Response to Comments: MolDX: Prolaris Prostate Cancer Genomic Assay, L36340",A,,
54591,,5,"Response to Comments: MolDX: Prolaris Prostate Cancer Genomic Assay, L36349",A,,
54594,,5,"Response to Comments: Special Histochemical Stains and Immunohistochemical Stains, L36346",A,,
54595,,5,"Response to Comments: Special Histochemical Stains and Immunohistochemical Stains, L36351",A,,
54596,,5,"Response to Comments: Special Histochemical Stains and Immunohistochemical Stains, L36352",A,,
54597,,5,"Response to Comments: Special Histochemical Stains and Immunohistochemical Stains, L36353",A,,
54602,,6,Billing and Coding: Removal of Benign Skin Lesions,A,2026-04-01 00:00:00,
54607,,5,Response to Comments: MolDx: MGMT Promoter Methylation Analysis DL36113,A,,
54610,,1,Response to Comments for MolDX: Biomarkers in Cardiovascular Risk Assessment,A,2015-10-05 00:00:00,
54611,,1,Response to Comments for MolDX: Breast Cancer Assay: Prosigna,A,2015-10-05 00:00:00,
54612,,1,Response to Comments for MolDX: Genetic Testing for BCR-ABL Negative Myeloproliferative Disease,A,2015-10-05 00:00:00,
54613,,1,Response to Comments for MolDX: Genomic Health™ Oncotype DX® Prostate Cancer Assay,A,2015-10-05 00:00:00,
54616,,5,Response to Comments: Prolaris Prostate Cancer Genomic Assay,A,,
54617,,5,Response to Comments: Molecular RBC Phenotyping,A,,
54630,,5,Response to Comments: MolDX: Decipher Prostate Cancer Classifier Assay,A,,
54632,,5,Response to Comments: MolDX: Decipher Prostate Cancer Classifier Assay,A,,
54635,,6,Billing and Coding: Hydration Services,A,2025-09-25 00:00:00,
54641,,6,Billing and Coding: Intravenous Immune Globulin (IVIg)-NCD 250.3,A,2015-11-07 00:00:00,
54643,,6,Billing and Coding: Intravenous Immune Globulin (IVIg)-NCD 250.3,A,2015-11-07 00:00:00,
54644,,5,Response to Comments:   Immune Globulin Intravenous (IVIg),A,,
54645,,5,Response to Comments:   Immune Globulin Intravenous (IVIg),A,,
54646,,5,Response to Comments:   Immune Globulin Intravenous (IVIg),A,,
54647,,5,Response to Comments:   Immune Globulin Intravenous (IVIg),A,,
54660,,6,"Billing and Coding: Coverage of Intravenous Immune Globulin for Treatment of Primary Immune Deficiency Diseases in the Home – Medicare Benefit Policy Manual, Chapter 15, 50.6",A,2026-03-05 00:00:00,
54682,,6,Billing and Coding: Neulasta® (pegfilgrastim) Onpro® Kit / UDENYCA® ONBODY™ (On-body Injector),A,2024-01-01 00:00:00,
54685,,6,Billing and Coding: MolDX: Arrhythmogenic Right Ventricular Dysplasia/Cardiomyopathy (ARVD/C) Testing,A,2023-11-16 00:00:00,
54686,,6,Billing and Coding: MolDX: BCR-ABL,A,2024-09-19 00:00:00,
54688,,6,Billing and Coding: MolDX: FDA-Approved KRAS Tests,A,2023-11-16 00:00:00,
54689,,6,Billing and Coding: Germline testing for use of PARP inhibitors,A,2023-11-16 00:00:00,
54694,,5,Response to Comments:  Percutaneous minimally invasive fusion/stabilization of the sacroiliac joint for the treatment of back pain L36000,A,,
54710,,5,Response to Comments: Treatment of Varicose Veins of Lower Extremities,A,,
54713,,5,Response to Comments: Treatment of Varicose Veins of Lower Extremities,A,,
54714,,5,Response to Comments: Treatment of Varicose Veins of Lower Extremities,A,,
54715,,5,Response to Comments: Treatment of Varicose Veins of Lower Extremities,A,,
54767,,6,Billing and Coding: Medicare Preventive Coverage for Certain Vaccines,A,2026-04-20 00:00:00,
54768,,6,"Billing and Coding: Cardiac Blood Pool Imaging (Multiple Gated Acquisition Scanning- MUGA, Ventriculography) When Performed in Conjunction with Cardiotoxic Chemotherapy",A,2025-10-01 00:00:00,
54769,,6,Billing and Coding: Influenza Diagnostic Tests,A,2022-01-01 00:00:00,
54777,,5,Response to Comments: Bone Mass Measurement,A,,
54780,,5,Response to Comments: MolDX: Chromosome 1p/19q Deletion Analysis,A,,
54781,,5,Response to Comments: Minimally-Invasive Surgical (MIS) Fusion of Sacroiliac (SI) Joint,A,,
54790,,5,Response to Comments: MolDX: Breast Cancer Assay: Prosigna,A,,
54791,,5,Response to Comments: Repetitive Transcranial magnetic Stimulation (rTMS) in Adults with Treatment Resistant Major Depression Disorder,A,,
54795,,6,Billing and Coding: MolDX: Targeted and Comprehensive Genomic Profile Testing in Cancer,A,2024-03-21 00:00:00,
54799,,6,Billing and Coding: Urine Drug Testing,A,2026-06-01 00:00:00,
54812,,1,Antibacterial Drugs,A,2018-02-26 00:00:00,
54813,,5,Response to Comments: MolDX: HLA-DQB1 0602 Testing for Narcolepsy,A,,
54814,,5,Response to Comments: MolDX: BRCA1 and BRCA2 Genetic Testing,A,,
54830,,6,Billing and Coding: MolDX: Short Tandem Repeat (STR) Markers and Chimerism (CPT® codes 81265-81268),A,2024-04-04 00:00:00,
54831,,6,Billing and Coding: Single Chamber and Dual Chamber Permanent Cardiac Pacemaker,A,2023-10-01 00:00:00,
54832,,6,Billing and Coding: MolDX: Short Tandem Repeat (STR) Markers and Chimerism (CPT® codes 81265-81268),A,2024-04-04 00:00:00,
54841,,5,Response to Comments: Allergy Immunotherapy (L36408),A,,
54842,,5,Response to Comments: Allergy Testing (L36402),A,,
54880,,6,Billing and Coding: Additional Claim Documentation Requirements for Not Otherwise Classified (NOC) Drugs and Biological Products with Specific FDA Label Indications,A,2025-06-12 00:00:00,
54881,,5,Response to Comments: MolDX: HLA-B*15:02 Genetic Testing,A,,
54893,,5,Response to Comments: MolDX: Genetic Testing for Hypercoagulability / Thrombophilia,A,,
54894,,5,Response to Comments: MolDX: Genetic Testing for Hypercoagulability / Thrombophilia,A,,
54895,,5,Response to Comments: MolDX: MGMT Promoter Methylation Analysis,A,,
54896,,5,Response to Comments: MolDX: MGMT Promoter Methylation Analysis,A,,
54899,,5,Response to Comments: MolDX Biomarkers in Cardiovascular Risk Assessment,A,,
54901,,6,Billing and Coding: MolDX: Targeted and Comprehensive Genomic Profile Next Generation Sequencing Testing in Cancer,A,2024-03-21 00:00:00,
54909,,6,Billing and Coding: Single Chamber and Dual Chamber Permanent Cardiac Pacemakers,A,2026-04-01 00:00:00,
54916,,5,Response to Comments: MolDX: Genetic Testing for BCR-ABL Negative Myeloproliferative Disease,A,,
54919,,1,"Investigational Device Exemptions (IDE) - IDE Documentation Requirements for Studies with an FDA Approval dated January 01, 2015, or later",A,2025-10-02 00:00:00,
54920,,5,"Response to Comments:  Genetic Testing for Hypercoagulability /Thrombophilia (Factor V Leiden, Factor II Prothrombin, and MTHFR) L36400 (A54920)",A,,
54923,,6,Billing and Coding: Bariatric Surgery for Treatment of Co-Morbidities Conditions Related to Morbid Obesity,A,2026-01-01 00:00:00,
54926,,6,Billing and Coding: Single Chamber and Dual Chamber Permanent Cardiac Pacemakers,A,2025-02-10 00:00:00,
54927,,5,Response to Comments: MolDX: Genetic Testing for BCR-ABL Negative Myeloproliferative Disease,A,,
54929,,6,Billing and Coding: Single Chamber and Dual Chamber Permanent Cardiac Pacemakers – Coding and Billing,A,2025-11-06 00:00:00,
54953,,1,Independent Diagnostic Testing Facilities- physician supervision and technician requirements,A,2026-02-26 00:00:00,
54954,,6,Billing and Coding: Autonomic Function Tests,A,2023-01-01 00:00:00,
54958,,6,Billing and Coding: Single Chamber and Dual Chamber Permanent Cardiac Pacemaker,A,2026-01-01 00:00:00,
54961,,6,Billing and Coding: Single Chamber and Dual Chamber Permanent Cardiac Pacemakers – Coding and Billing,A,2026-03-26 00:00:00,
54965,,5,Response to Comments: MolDX: Genetic Testing for Lynch Syndrome,A,,
54969,,6,Billing and Coding: Nerve Conduction Studies and Electromyography,A,2025-10-23 00:00:00,
54975,,6,Billing and Coding: MolDX: Arrhythmogenic Right Ventricular Dysplasia/Cardiomyopathy (ARVD/C) Testing,A,2026-02-19 00:00:00,
54978,,5,Response to Comments: MolDX: Biomarkers in Cardiovascular Risk Assessment,A,,
54979,,5,Response to Comments: MolDX: Biomarkers in Cardiovascular Risk Assessment,A,,
54980,,5,Response to Comments: Spinal Cord Stimulators for Chronic Pain,A,,
54981,,5,Response to Comments: Spinal Cord Stimulators for Chronic Pain,A,,
54982,,6,Billing and Coding: Single Chamber and Dual Chamber Permanent Cardiac Pacemakers,A,2025-02-10 00:00:00,
54983,,5,Response to Comments: MolDX-CDD: Genomic Health™ Oncotype DX® Prostate Cancer Assay,A,,
54988,,5,Response to Comments: MolDX Biomarkers in Cardiovascular Risk Assessment,A,,
54990,,5,Response to Comments: Nerve Conduction Studies and Electromyography,A,,
54991,,5,Response to Comments: Nerve Conduction Studies and Electromyography,A,,
54998,,5,Response to Comments: Controlled Substance Monitoring and Drugs of Abuse Testing Comment Period Ending 05/02/2014.,A,,
55001,,6,Billing and Coding: Urine Drug Testing,A,2026-06-01 00:00:00,
55003,,5,Response to Comments: MolDX: Biomarkers in Cardiovascular Risk Assessment (L36523),A,,
55028,,6,Billing and Coding: Lab: Bladder/Urothelial Tumor Markers,A,2025-11-06 00:00:00,
55031,,5,Response to Comments: Controlled Substance Monitoring and Drugs of Abuse Testing Comment Period Ending 05/02/2014.,A,,
55044,,6,Billing and Coding: Patients Supplied Donated or Free-of-Charge Drug,A,2025-10-02 00:00:00,
55048,,5,Response to Comments: MolDX: NRAS Genetic Testing,A,,
55049,,5,Response to Comments: MolDX: NRAS Genetic Testing,A,,
55053,,5,Response to Comments: Treatment of Males with Low Testosterone,A,,
55055,,5,Response to Comments: Treatment of Males with Low Testosterone,A,,
55056,,6,Billing and Coding: Testopel Coverage,A,2025-11-06 00:00:00,
55058,,1,Waiver of Face-to-Face Visit for Home Dialysis Patients,A,2025-10-02 00:00:00,
55061,,6,Billing and Coding: IUD (Hormone-Eluting) for Endometrial Hyperplasia - CPT 58999,A,2026-07-01 00:00:00,
55069,,6,Billing and Coding: Screening Colonoscopy Converted to a Diagnostic and/or Therapeutic Colonoscopy,A,2025-10-01 00:00:00,
55072,,5,Response to Comments: Total Hip Arthroplasty,A,,
55076,,5,Response to Comments: Total Hip Arthroplasty,A,,
55077,,5,Response to Comments: Total Knee Arthroplasty,A,,
55079,,5,Response to Comments: Total Knee Arthroplasty,A,,
55115,,6,Billing and Coding: MolDX: BluePrint® Test,A,2026-04-01 00:00:00,
55124,,5,Response to Comments: Proton Beam Therapy,A,,
55136,,6,Billing and Coding: Lab: Immunohistochemistry (IHC) Indications for Breast Pathology,A,2024-01-01 00:00:00,
55146,,6,Billing and Coding: MolDX: BluePrint® Test,A,2026-04-01 00:00:00,
55147,,6,Billing and Coding: MolDX: bioTheranostics Cancer TYPE ID® Update,A,2026-08-27 00:00:00,
55154,,5,"Response to Comments: Benign Skin Lesion Removal (Excludes Actinic Keratosis, and Mohs)",A,,
55155,,5,"Response to Comments: Benign Skin Lesion Removal (Excludes Actinic Keratosis, and Mohs)",A,,
55161,,6,Billing and Coding: MolDX: FDA-Approved BRAF Tests,A,2023-07-27 00:00:00,
55162,,6,Billing and Coding: MolDX: FDA-Approved KRAS Tests,A,2026-07-30 00:00:00,
55169,,6,Billing and Coding: MolDX: HTTLPR Gene Testing,A,2025-10-30 00:00:00,
55175,,6,Billing and Coding: MolDX: MammaPrint®,A,2026-01-01 00:00:00,
55193,,6,Billing and Coding: MolDX: FDA-Approved EGFR Tests,A,2026-04-20 00:00:00,
55197,,6,Billing and Coding: MolDX: Targeted and Comprehensive Genomic Profile Testing in Cancer,A,2024-03-21 00:00:00,
55200,,6,Billing and Coding: MolDX: PIK3CA Gene Tests,A,2026-01-01 00:00:00,
55206,,6,Billing and Coding: MolDX: SEPT9 Gene Test,A,2023-11-30 00:00:00,
55210,,6,Billing and Coding: MolDX: SULT4A1 Genetic Testing,A,2026-01-29 00:00:00,
55215,,6,Billing and Coding: Incident To Clarification for OPPS and CAH Outpatient,A,2025-09-25 00:00:00,
55224,,6,Billing and Coding: MolDX: Germline testing for use of PARP inhibitors,A,2026-06-25 00:00:00,
55227,,6,Billing and Coding: Incomplete Colonoscopy/Failed Colonoscopy,A,2025-10-01 00:00:00,
55229,,6,Billing and Coding: Treatment of Chronic Venous Insufficiency of the Lower Extremities,A,2026-01-01 00:00:00,
55230,,6,Billing and Coding: MolDX: Oncotype DX® Breast Cancer Assay,A,2026-01-01 00:00:00,
55231,,6,Billing and Coding: MolDX: Oncotype DX® Colon Cancer Assay Update,A,2026-01-29 00:00:00,
55233,,6,Billing and Coding: MolDx: BCR-ABL,A,2026-08-27 00:00:00,
55235,,6,Billing and Coding: MolDX: Arrhythmogenic Right Ventricular Dysplasia/Cardiomyopathy (ARVD/C) Testing,A,2023-07-27 00:00:00,
55239,,6,Billing and Coding: Implantable Infusion Pumps for Chronic Pain,A,2026-07-01 00:00:00,
55257,,5,Response to Comments: Cataract Extraction,A,,
55261,,5,Response to Comments: Implantable Miniature Telescope (IMT),A,,
55264,,6,Billing and Coding: MolDX: HTTLPR Gene Testing,A,2026-02-19 00:00:00,
55276,,5,"Response to Comments: Wound Application of Cellular and/or Tissue Based products (CTPs), Lower Extremities",A,,
55294,,6,Billing and Coding: MolDX: Germline testing for use of PARP inhibitors,A,2026-02-19 00:00:00,
55305,,5,Response to Comments: MolDX- CDD: ProMark Risk,A,,
55306,,5,Response to Comments: MolDX-CDD: Decipher® Prostate Cancer Classifier Assay,A,,
55310,,6,Billing and Coding: Instructions for Lemtrada® (alemtuzumab) When Used in the Treatment of Relapsing Multiple Sclerosis,A,2025-10-01 00:00:00,
55313,,5,Response to Comments: Proton Beam Therapy,A,,
55314,,5,Response to Comments: Ophthalmic Angiography (Fluorescein and Indocyanine Green) LCD L34426,A,,
55315,,6,Billing and Coding: Proton Beam Therapy,A,2025-10-02 00:00:00,
55318,,5,Response to Comments: Osteopathic Manipulative Treatment,A,,
55326,,6,Billing and Coding: Zika Virus Testing by PCR and ELISA Methods,A,2025-11-06 00:00:00,
55334,,5,Response to Comments: Molecular Pathology Procedures,A,,
55336,,6,Billing and Coding: Retroperitoneal Ultrasound,A,2025-10-01 00:00:00,
55354,,6,Billing and Coding: Frequency of Hemodialysis,A,2023-06-15 00:00:00,
55361,,5,Response to Comments: Serum Magnesium,A,,
55362,,5,Response to Comments: Serum Magnesium,A,,
55372,,5,Response to Comments: Vitamin D Assay Testing,A,,
55373,,5,Response to Comments: Vitamin D Assay Testing,A,,
55378,,5,Response to Comments: Genomic Sequence Analysis Panels in the Treatment of Acute Myelogenous Leukemia (AML),A,,
55381,,5,Response to Comments: Polysomnography and Other Sleep Studies (L36839),A,,
55383,,5,Response to Comments: Botulinum Toxin Types A and B,A,,
55384,,5,Response to Comments: Botulinum Toxin Types A and B,A,,
55391,,5,Response to Comments: MolDX: Molecular Diagnostic Tests (MDT) (L36807),A,,
55397,,5,Response to Comments: MolDX: Genetic Testing for BCR-ABL Negative Myeloproliferative Disease (L36815),A,,
55400,,5,Response to Comments: MolDX: NRAS Genetic Testing (L36797),A,,
55401,,5,Response to Comments: MolDX: Breast Cancer Assay: Prosigna (L36811).,A,,
55404,,5,Response to Comments: Special Histochemical Stains and Immunohistochemical Stains (L36805),A,,
55421,,5,Response to Comments: Peripheral Nerve Blocks,A,,
55426,,1,Standard Documentation Requirements for All Claims Submitted to DME MACs,A,2024-01-01 00:00:00,
55427,,5,Response to Comments: GlycoMark Testing for Glycemic Control,A,,
55430,,5,Response to Comments: Polysomnography and Other Sleep Studies,A,,
55432,,5,Response to Comments: Nerve Conduction Studies and Electromyography,A,,
55435,,5,Response to Comments: MolDX: HLA-DQB1*06:02,A,,
55436,,5,Response to Comments: MolDX - CDD: Oncotype DX ® Breast Cancer for DCIS (Genomic Health ™),A,,
55451,,5,Response to Comments: Bladder/Urothelial Tumor,A,,
55452,,5,Response to Comments: MolDX: APC and MUTYH Gene,A,,
55453,,5,Response to Comments: MolDX-CDD: Percepta©,A,,
55457,,5,Response to Comments: Bladder/Urothelial Tumor Markers,A,,
55458,,5,Response to Comments: Bladder/Urothelial Tumor Markers,A,,
55470,,5,Response to Comments: MolDX- CDD: ProMark Risk Score,A,,
55471,,5,Response to Comments: MolDX- CDD: ProMark Risk Score,A,,
55472,,5,Response to Comments: Trigger Point Injections,A,,
55473,,5,Response to Comments: Trigger Point Injections,A,,
55475,,5,Response to Comments: Visual Electrophysiology Testing,A,,
55478,,6,Billing and Coding: Abbreviated Daytime Sleep Study (e.g. PAP-NAP),A,2025-09-25 00:00:00,
55489,,5,"Response to Comments: Injections - Tendon, Ligament, Ganglion Cyst, Tunnel Syndromes and Morton's Neuroma",A,,
55490,,5,"Response to Comments: Injections - Tendon, Ligament, Ganglion Cyst, Tunnel Syndromes and Morton's Neuroma",A,,
55491,,5,Response to Comments: Polysomnography and Other Sleep Studies,A,,
55492,,5,Response to Comments: Polysomnography and Other Sleep Studies,A,,
55503,,6,Billing and Coding: Skilled Therapy Services in the SNF PPS Setting,A,2015-10-23 00:00:00,
55505,,1,Skilled Therapy Services in the SNF PPS Setting,A,2015-10-23 00:00:00,
55527,,5,Response to Comments: GlycoMark Testing for Glycemic Control,A,,
55528,,5,Response to Comments: GlycoMark Testing for Glycemic Control,A,,
55530,,6,Billing and Coding: Peripheral Nerve Stimulation,A,2025-10-23 00:00:00,
55533,,5,Response to Comments: Visual Electrophysiology Testing (L37015),A,,
55535,,5,Response to Comments: MolDX: MGMT Promoter Methylation Analysis (DL37001).,A,,
55536,,5,Response to Comments: MolDX: HLA-DQB1*06:02 Testing for Narcolepsy (DL37003).,A,,
55540,,5,Response to Comments: MolDX-CDD: ConfirmMDx Epigenetic Molecular Assay (DL37005).,A,,
55543,,5,Response to Comments: MolDX-CDD: ProMark Risk Score (DL37011).,A,,
55553,,5,"Response to Comments: Cardiovascular Stress Testing, Including Exercise and/or Pharmacological Stress and Stress Echocardiography",A,,
55554,,5,"Response to Comments: Cardiovascular Stress Testing, Including Exercise and/or Pharmacological Stress and Stress Echocardiography",A,,
55555,,5,Response to Comments: Diagnostic and Therapeutic Colonoscopy,A,,
55558,,5,Response to Comments: Diagnostic and Therapeutic Colonoscopy,A,,
55561,,5,Response to Comments: MolDX DecisionDX Uveal,A,,
55562,,5,Response to Comments: MolDX: Xpresys Lung,A,,
55564,,5,Response to Comments: MolDX: VitaRisk ™ Pharmacogenetic Test for Dry Age-related Macular Degeneration (AMD),A,,
55566,,5,Response to Comments: MolDX: Prolaris™ Prostate Cancer Genomic Assay for Men with Favorable Intermediate Risk Disease,A,,
55570,,5,Response to Comments: Scanning Computerized Ophthalmic Diagnostic Imaging,A,,
55584,,6,Billing and Coding: Billing Medicare for the SphenoCath<sup>®</sup> and Other Similar Devices,A,2025-09-25 00:00:00,
55595,,6,Billing and Coding: MolDX: BCR-ABL,A,2026-02-19 00:00:00,
55596,,6,Billing and Coding: MolDX: SULT4A1 Genetic Testing,A,2026-02-19 00:00:00,
55597,,6,Billing and Coding: MolDX: PIK3CA Gene Tests,A,2026-02-19 00:00:00,
55621,,6,Billing and Coding: MolDX: Short Tandem Repeat (STR) Markers and Chimerism (CPT® codes 81265-81268),A,2026-04-30 00:00:00,
55623,,6,Billing and Coding: MolDX: SEPT9 Gene Test,A,2026-02-19 00:00:00,
55624,,6,Billing and Coding: MolDX: Targeted and Comprehensive Genomic Profile Testing in Cancer,A,2026-02-19 00:00:00,
55639,,6,Billing and Coding: Chemotherapy Agents for Non-Oncologic Conditions,A,2025-11-27 00:00:00,
55641,,5,Response to Comments: Chemotherapy Drugs and their Adjuncts (L37205),A,,
55643,,5,Response to Comments: MolDX: Decision Dx-UM (Uveal Melanoma) (DL37210).,A,,
55644,,5,Response to Comments: MolDX: Xpresys Lung (DL37216).,A,,
55646,,5,Response to Comments: MolDX: Percepta© Bronchial Genomic Classifier (DL37195).,A,,
55648,,5,Response to Comments: MolDX: Oncotype DX® Breast Cancer for DCIS (Genomic Health™) (DL37199).,A,,
55657,,5,Response to Comments: MolDX DecisionDX Uveal Melanoma,A,,
55659,,5,Response to Comments: MolDX DecisionDX Uveal Melanoma,A,,
55661,,5,Response to Comments: MolDX: Xpresys Lung,A,,
55662,,5,Response to Comments: MolDX: Xpresys Lung,A,,
55672,,6,Billing and Coding: Frequency of Hemodialysis,A,2026-04-01 00:00:00,
55675,,6,Billing and Coding: Frequency of Hemodialysis,A,2025-10-16 00:00:00,
55684,,5,Response to Comments: Plastic Surgery,A,,
55685,,5,Response to Comments: Plastic Surgery,A,,
55688,,5,Response to Comments: Cataract Surgery in Adults,A,,
55689,,5,Response to Comments: Cataract Surgery in Adults,A,,
55695,,6,Billing and Coding: MolDX:  Abbott RealTime IDH1 and IDH2 testing for Acute Myeloid Leukemia (AML),A,2023-06-01 00:00:00,
55701,,5,Response to Comments: Genomic Sequence Analysis Panels in the Treatment of Myelodysplastic Syndromes,A,,
55703,,6,Billing and Coding: Frequency of Hemodialysis,A,2026-06-25 00:00:00,
55704,,5,"Response to Comments: Varicose Veins of Lower Extremity, Treatment of",A,,
55707,,5,Response to Comments: Micro-Invasive Glaucoma Surgery (MIGS),A,,
55709,,6,Billing and Coding: Lab: Coenzyme Q10 (CoQ10),A,2024-04-25 00:00:00,
55710,,1,Lymphedema Decongestive Treatment,A,2026-01-01 00:00:00,
55711,,6,Billing and Coding: MolDX: Abbott RealTime IDH1 and IDH2 testing for Acute Myeloid Leukemia (AML),A,2026-02-19 00:00:00,
55715,,6,Billing and Coding: Coenzyme Q10 (CoQ10),A,2025-02-06 00:00:00,
55716,,6,Billing and Coding: MolDX:  Abbott RealTime IDH1 and IDH2 testing for Acute Myeloid Leukemia (AML),A,2023-11-16 00:00:00,
55717,,6,Billing and Coding: Lab: Flow Cytometry,A,2026-10-01 00:00:00,
55719,,1,Sipuleucel-T (Provenge®) - Coverage Criteria for Prostate Cancer – Clarification,A,2025-10-02 00:00:00,
55723,,6,Billing and Coding: Frequency of Hemodialysis,A,2023-01-01 00:00:00,
55736,,5,Response to Comments: MolDX: Prometheus IBD sgi Diagnostic Policy,A,,
55738,,6,Billing and Coding: MolDX: Abbott RealTime IDH1 and IDH2 testing for Acute Myeloid Leukemia (AML),A,2023-06-01 00:00:00,
55749,,5,Response to Comments: Select Minimally Invasive GERD Procedures,A,,
55754,,6,Billing and Coding: Home PT/INR Monitoring (G0249) Billing and Coding,A,2025-09-25 00:00:00,
55757,,1,Wound care (L37166): Medicare Part A/B local coverage determination (LCD) comment summary,A,2017-12-07 00:00:00,
55769,,6,Billing and Coding: Lab: Coenzyme Q10 (CoQ10),A,2025-10-16 00:00:00,
55774,,6,Billing and Coding: Reporting a Non-Covered Test Performed in Preparation for a Non-Covered Procedure,A,2025-10-02 00:00:00,
55778,,5,Response to Comments: MolDX: Prometheus IBD sgi Diagnostic Policy,A,,
55779,,5,Response to Comments: MolDX: Prometheus IBD sgi Diagnostic Policy,A,,
55793,,5,Response to Comments: MolDX: EndoPredict® Breast Cancer Gene Expression Test,A,,
55794,,5,Response to Comments: MolDX: EndoPredict® Breast Cancer Gene Expression Test,A,,
55817,,5,"Response to Comments: Thoracic Aortography and Carotid, Vertebral, and Subclavian Angiography",A,,
55818,,6,Billing and Coding: Wound Care,A,2026-01-01 00:00:00,
55835,,6,Billing and Coding: Sacral Nerve Stimulation for Urinary and Fecal Incontinence,A,2026-03-05 00:00:00,
55848,,5,Response to Comments: Magnetic Resonance Image Guided High Intensity Focused Ultrasound (MRgFUS) for Essential Tremor,A,,
55852,,5,Response to Comments: Vitamin D Assay Testing,A,,
55876,,5,Response to Comments: MolDX: EndoPredict Breast Cancer Gene Expression Test,A,,
55879,,5,Response to Comments: MolDX: Prometheus IBD sgi Diagnostic Policy (L37539),A,,
55902,,5,Response to Comments: Repetitive Transcranial Magnetic Stimulation for Major Depressive Disorder,A,,
55904,,5,Response to Comments: Repetitive Transcranial Magnetic Stimulation for Major Depressive Disorder,A,,
55909,,6,Billing and Coding: Wound Care,A,2025-10-01 00:00:00,
55910,,5,Response to Comments: Wound Care (DL37228),A,,
55913,,6,Billing and Coding: Hospital Outpatient Drugs and Biologicals Under the Outpatient Prospective Payment System (OPPS),A,2024-12-26 00:00:00,
55936,,5,Response to Comments: Chest X-Ray Policy,A,,
55937,,6,Billing and Coding:  Diagnostic Colonoscopy,A,2026-02-04 00:00:00,
55938,,5,Response to Comments: Chest X-Ray Policy,A,,
55948,,5,Response to Comments: Prostate Rectal Spacers,A,,
55951,,6,Billing and Coding: Endometrial Hyperplasia Treatment with Intrauterine Device (Hormone-Eluting),A,2026-06-25 00:00:00,
55958,,1,Accreditation and Credentialing Requirements for Polysomnography LCD L36593,A,2024-03-07 00:00:00,
55974,,5,Response to Comments: Genomic Sequence Analysis Panels in the Treatment of Hematolymphoid Diseases,A,,
55982,,5,Response to Comments: Molecular Pathology Procedures,A,,
55984,,5,Response to Comments: Respiratory Care (Respiratory Therapy),A,,
55988,,5,Response to Comments: Respiratory Care (Respiratory Therapy),A,,
56006,,6,Billing and Coding: E&M Coding for Oral Surgeons,A,2024-01-01 00:00:00,
56017,,5,Response to Comments: Lumbar MRI,A,,
56018,,5,Response to Comments: Lumbar MRI,A,,
56021,,5,Response to Comments: MolDX: EndoPredict® Breast Cancer Gene Expression Test (DL37663).,A,,
56025,,6,Billing and Coding: Topical HBO and Physician Related Service Billing and Coding Guidelines,A,2025-10-02 00:00:00,
56027,,6,Billing and Coding: Piriformis Injections,A,2026-01-01 00:00:00,
56034,,6,Billing and Coding: Nerve Blockade for Treatment of Chronic Pain and Neuropathy,A,2026-03-05 00:00:00,
56041,,5,Response to Comments: Peripheral Nerve Stimulation,A,,
56042,,5,Response to Comments: Peripheral Nerve Stimulation,A,,
56061,,5,Response to Comments: MRI and CT Scans of Head and Neck,A,,
56065,,6,Billing and Coding: Guidance for Anti-Inhibitor Coagulant Complex (AICC) National Coverage Determination (NCD) 110.3,A,2026-10-01 00:00:00,
56067,,5,Response to Comments: MRI and CT Scans of Head and Neck,A,,
56071,,6,Billing and Coding: In Vitro Chemosensitivity & Chemoresistance Assays,A,2025-10-16 00:00:00,
56072,,6,Billing and Coding: MolDX: Microsatellite Instability-High (MSI-H) and Mismatch Repair Deficient (dMMR) Biomarker for Patients with Unresectable or Metastatic Solid Tumors,A,2024-01-01 00:00:00,
56076,,5,Response to Comments: In Vitro Chemosensitivity & Chemoresistance Assays,A,,
56077,,5,Response to Comments: In Vitro Chemosensitivity & Chemoresistance Assays,A,,
56083,,6,Billing and Coding: Rezum® System for Benign Prostatic,A,2026-08-06 00:00:00,
56103,,6,Billing and Coding: MolDX: Microsatellite Instability-High (MSI-H) and Mismatch Repair Deficient (dMMR) Biomarker for Patients with Unresectable or Metastatic Solid Tumors,A,2026-02-19 00:00:00,
56106,,6,Billing and Coding: MolDX: Microsatellite Instability-High (MSI-H) and Mismatch Repair Deficient (dMMR) Biomarker for Patients with Unresectable or Metastatic Solid Tumors,A,2024-01-01 00:00:00,
56109,,5,Response to Comments: Water Vapor Thermal Therapy for LUTS/BPH,A,,
56112,,1,Non-Payment for Prefabricated Splints,A,2025-10-02 00:00:00,
56115,,5,Response to Comments: Biomarker Testing (Prior to Initial Biopsy) for Prostate Cancer Diagnosis,A,,
56141,,6,Billing and Coding: Chemotherapy,A,2020-11-19 00:00:00,
56142,,5,Response to Comments: MolDX: Corus® CAD Assay,A,,
56148,,5,Response to Comments: MolDX: Guardant360® Plasma-Based Comprehensive Genomic Profiling in Non-Small Cell Lung Cancer (NSCLC),A,,
56152,,6,Billing and Coding: Pulmonary Rehabilitation Services,A,2025-11-06 00:00:00,
56157,,6,Billing and Coding: Intraarticular Knee Injections of Hyaluronan,A,2026-06-25 00:00:00,
56159,,6,Billing and Coding: Frequency of Hemodialysis,A,2026-03-05 00:00:00,
56161,,5,Response to Comments: MolDX: Multiplex Nucleic Acid Amplified Tests for Respiratory Viral Panels,A,,
56169,,5,Response to Comments:  MolDX: Multiplex Nucleic Acid Amplified Tests for Respiratory Viral Panels (DL37764),A,,
56175,,1,"Low frequency, non-contact, non-thermal ultrasound (CPT code 97610)",A,2026-03-05 00:00:00,
56177,,5,Response to Comments: MolDX: Cystatin C Measurement,A,,
56178,,6,Billing and Coding: Percutaneous Vertebral Augmentation (PVA) for Osteoporotic Vertebral Compression Fracture (VCF),A,2026-04-01 00:00:00,
56190,,5,Response to Comments: MolDX: Foodborne Gastrointestinal Panels Identified by Multiplex Nucleic Acid Amplification (NAATs),A,,
56198,,1,New Local Coverage Determination (LCD) Request Process,A,2026-04-01 00:00:00,
56199,,6,Billing and Coding: Molecular Pathology Procedures,A,2026-07-15 00:00:00,
56211,,5,Response to Comments: MolDX:  Cystatin C Measurement,A,,
56213,,5,Response to Comments: MolDX:  Cystatin C Measurement,A,,
56215,,5,Response to Comments: Frequency of Hemodialysis,A,,
56216,,5,Response to Comments: Genomic Sequence Analysis Panels in the Treatment of Solid Organ Neoplasms- Related to Genomic Sequence Analysis Panels in the Treatment of Solid Organ Neoplasms (L37810),A,,
56224,,5,Response to Comments: Frequency of Hemodialysis,A,,
56230,,5,Response to Comments: MolDX: DecisionDx-Melanoma,A,,
56231,,5,Response to Comments: MolDX: DecisionDx-Melanoma,A,,
56232,,6,Billing and Coding: Foot Care,A,2025-10-01 00:00:00,
56233,,5,Response to Comments: MolDX: Foodborne Gastrointestinal Panels Identified by Multiplex Nucleic Acid Amplification Tests (NAATs) (DL37766),A,,
56235,,5,Response to Comments: Frequency of Hemodialysis,A,,
56239,,5,Response to Comments: Frequency of Hemodialysis DL37575,A,,
56240,,5,Response to Comments: Frequency of Hemodialysis,A,,
56241,,5,Response to Comments: Frequency of Hemodialysis,A,,
56248,,6,Billing and Coding: Corneal Hysteresis,A,2026-04-01 00:00:00,
56252,,5,Response to Comments: Frequency of Hemodialysis,A,,
56253,,5,Response to Comments: Magnetic-Resonance-Guided Focused Ultrasound Surgery (MRgFUS) for Essential Tremor,A,,
56254,,5,Response to Comments: Magnetic-Resonance-Guided Focused Ultrasound Surgery (MRgFUS) for Essential Tremor,A,,
56256,,5,Response to Comments: MolDX: Oncotype DX AR-V7 Nucleus Detect for Men with Metastatic Castrate Resistant Prostate Cancer (MCRPC),A,,
56257,,5,Response to Comments: MolDX: Oncotype DX AR-V7 Nucleus Detect for Men with Metastatic Castrate Resistant Prostate Cancer (MCRPC),A,,
56272,,5,Response to Comments: MolDX: Breast Cancer IndexTM (BCI) Gene Expression Test,A,,
56273,,6,Billing and Coding: Chiropractic Services,A,2025-08-28 00:00:00,
56283,,5,Response to Comments: MolDX: Breast Cancer IndexTM (BCI) Gene Expression Test,A,,
56287,,6,Billing and Coding: 4Kscore Test Algorithm,A,2024-04-29 00:00:00,
56289,,6,Billing and Coding: Therapeutic Apheresis for Familial Hypercholesterolemia,A,2026-01-22 00:00:00,
56313,,5,Response to Comments: MolDX: Oncotype DX AR-V7 Nucleus Detect for Men with Metastatic Castrate Resistant Prostate Cancer (MCRPC),A,,
56315,,5,"Response to Comments: MolDX: Envisia, Veracyte, Idiopathic Pulmonary Fibrosis Diagnostic Test",A,,
56329,,5,Response to Comments: MolDX: MDS FISH,A,,
56333,,6,"Billing and Coding: MolDX: Inivata™, InVisionFirst®, Liquid Biopsy for Patients with Lung Cancer",A,2023-07-01 00:00:00,
56335,,6,Billing and Coding: MolDX: Breast Cancer Index® (BCI) Gene Expression Test,A,2025-05-01 00:00:00,
56336,,5,"Response to Comments: MolDX: Inivata, InVisionFirst, Liquid Biopsy for Patients with Lung Cancer (BCI) Gene Expression Test (DL37921)",A,,
56338,,5,Response to Comments: MolDX: Breast Cancer IndexTM (BCI) Gene Expression Test (DL37913),A,,
56344,,5,"Response to Comments: MolDX: Inivata, InVisionFirst, Liquid Biopsy for Patients with Lung Cancer",A,,
56346,,6,Billing and Coding: Removal of Benign and Malignant Skin Lesions,A,2026-07-01 00:00:00,
56354,,5,Response to Comments: MolDX: MDS FISH,A,,
56356,,5,Response to Comments: MolDX: Breast Cancer IndexTM (BCI) Gene Expression Test,A,,
56357,,5,Response to Comments: MolDX: Breast Cancer IndexTM (BCI) Gene Expression Test,A,,
56366,,5,"Response to Comments: MolDX: Envisia, Veracyte, Idiopathic Pulmonary Fibrosis Diagnostic Test",A,,
56374,,5,"Response to Comments: MolDX: Inivata, InVisionFirst, Liquid Biopsy for Patients with Lung Cancer",A,,
56375,,5,"Response to Comments: MolDX: Envisia, Veracyte, Idiopathic Pulmonary Fibrosis Diagnostic Test",A,,
56376,,5,"Response to Comments: MolDX: Envisia, Veracyte, Idiopathic Pulmonary Fibrosis Diagnostic Test",A,,
56380,,6,Billing and Coding: Rituximab,A,2025-10-01 00:00:00,
56381,,5,Response to Comments: Helicobacter Pylori Infection Testing,A,,
56382,,5,Response to Comments: Helicobacter Pylori Infection Testing,A,,
56384,,6,Billing and Coding: Supervised Exercise Therapy for the Treatment of Peripheral Arterial Disease with Symptomatic Lower Extremity Intermittent Claudication,A,2019-10-17 00:00:00,
56389,,6,Billing and Coding: Upper Gastrointestinal Endoscopy and Visualization,A,2025-10-01 00:00:00,
56390,,6,Billing and Coding: Lumbar Artificial Disc Replacement,A,2023-01-01 00:00:00,
56391,,6,Billing and Coding: Implantable Automatic Defibrillators,A,2026-01-01 00:00:00,
56392,,5,Response to Comments: Topical Oxygen Therapy,A,,
56393,,5,Response to Comments: Lumbar Artificial Disc Replacement,A,,
56394,,6,Billing and Coding: Colonoscopy and Sigmoidoscopy-Diagnostic,A,2026-07-16 00:00:00,
56395,,6,Billing and Coding: Endoscopic Treatment of GERD,A,2026-06-16 00:00:00,
56396,,6,Billing and Coding: Lumbar Spinal Fusion,A,2023-01-01 00:00:00,
56397,,5,Response to Comments: Lumbar Spinal Fusion,A,,
56399,,5,Response to Comments: MolDX: MDS FISH (DL37772),A,,
56401,,5,Response to Comments: Voretigene Neparvovec-rzyl (Luxturna™),A,,
56402,,5,"Response to Comments: MolDX: Envisia, Veracyte, Idiopathic Pulmonary Fibrosis Diagnostic Test (DL37919)",A,,
56410,,5,"Response to Comments: MolDX: Inivata, InVisionFirst, Liquid Biopsy for Patients with Lung Cancer",A,,
56411,,5,"Response to Comments: MolDX: Inivata, InVisionFirst, Liquid Biopsy for Patients with Lung Cancer",A,,
56414,,6,Billing and Coding: Endovenous Stenting,A,2025-10-01 00:00:00,
56416,,6,Billing and Coding: Assays for Vitamins and Metabolic Function,A,2025-10-01 00:00:00,
56419,,6,Billing and Coding: Voretigene Neparvovec-rzyl (Luxturna®),A,2023-04-20 00:00:00,
56420,,6,Billing and Coding: Frequency of Laboratory Tests,A,2023-01-01 00:00:00,
56421,,6,Billing and Coding: CT of the Abdomen and Pelvis,A,2026-10-01 00:00:00,
56422,,6,Billing and Coding: Bariatric Surgical Management of Morbid Obesity,A,2026-01-01 00:00:00,
56423,,6,Billing and Coding: Cardiology Non-emergent Outpatient Stress Testing,A,2026-01-01 00:00:00,
56425,,6,Billing and Coding: B-type Natriuretic Peptide (BNP) Testing,A,2025-12-04 00:00:00,
56431,,6,Billing and Coding: Topical Oxygen Therapy,A,2021-03-04 00:00:00,
56432,,6,Billing and Coding: Infliximab,A,2026-01-01 00:00:00,
56439,,6,Billing and Coding: Blepharoplasty,A,2025-11-06 00:00:00,
56446,,5,Response to Comments: MolDX: MDS FISH,A,,
56447,,5,Response to Comments: MolDX: MDS FISH,A,,
56448,,6,Billing and Coding: Breast Imaging Mammography/Breast Echography (Sonography)/Breast MRI/Ductography,A,2025-12-04 00:00:00,
56451,,6,Billing and Coding: Cardiac Computed Tomography (CCT) and Coronary Computed Tomography Angiography (CCTA),A,2025-10-09 00:00:00,
56453,,6,Billing and Coding: Cataract Extraction,A,2025-10-01 00:00:00,
56454,,6,Billing and Coding: Cerumen (Earwax) Removal,A,2026-01-29 00:00:00,
56455,,6,Billing and Coding: Chiropractic Services,A,2026-01-29 00:00:00,
56456,,6,Billing and Coding: Colonoscopy/Sigmoidoscopy/Proctosigmoidoscopy,A,2026-01-22 00:00:00,
56457,,6,Billing and Coding: Corneal Pachymetry,A,2026-01-22 00:00:00,
56459,,6,Billing and Coding: Debridement Services,A,2026-04-16 00:00:00,
56460,,6,Billing and Coding: Dialysis Access Maintenance,A,2026-01-22 00:00:00,
56461,,6,Billing and Coding: Endoscopy by Capsule,A,2026-03-05 00:00:00,
56462,,6,Billing and Coding: Erythropoiesis Stimulating Agents (ESA),A,2026-09-27 00:00:00,
56464,,6,Billing and Coding: Flow Cytometry,A,2026-03-05 00:00:00,
56465,,6,Billing and Coding: GlycoMark® Testing for Glycemic Control,A,2026-04-02 00:00:00,
56467,,6,Billing and Coding: Laser Ablation of the Prostate,A,2026-04-02 00:00:00,
56471,,6,Billing and Coding: Bladder/Urothelial Tumor Markers,A,2026-01-29 00:00:00,
56476,,6,Billing and Coding: Cardiac Radionuclide Imaging,A,2026-10-01 00:00:00,
56491,,6,Billing and Coding: Micro-Invasive Glaucoma Surgery (MIGS),A,2025-03-27 00:00:00,
56493,,6,Billing and Coding: Capsule Opacification Following Cataract Surgery: Discission and YAG Laser Capsulotomy,A,2025-11-06 00:00:00,
56494,,6,Billing and Coding: Cardiovascular Nuclear Medicine,A,2026-01-29 00:00:00,
56496,,5,Response to Comments: MolDX DecisionDx-Melanoma,A,,
56497,,6,Billing and Coding: Vestibular Function Testing,A,2026-08-20 00:00:00,
56500,,6,Billing and Coding: Cardiac Catheterization and Coronary Angiography,A,2025-11-06 00:00:00,
56502,,6,Billing and Coding: Hospice - Neurological Conditions,A,2023-11-30 00:00:00,
56503,,6,"Billing and Coding: Blepharoplasty, Eyelid Surgery, and Brow Lift",A,2025-01-01 00:00:00,
56505,,6,Billing and Coding: Transesophageal Echocardiography (TEE),A,2026-02-26 00:00:00,
56514,,6,Billing and Coding: Mohs Micrographic Surgery,A,2025-10-23 00:00:00,
56529,,5,Response to Comments: Corneal Hysteresis,A,,
56531,,6,Billing and Coding: Octreotide Acetate for Injectable Suspension (Sandostatin® LAR Depot),A,2024-10-01 00:00:00,
56537,,6,Billing and Coding: Scanning Computerized Ophthalmic Diagnostic Imaging (SCODI),A,2026-04-01 00:00:00,
56538,,6,Billing and Coding: Allergen Immunotherapy,A,2025-10-01 00:00:00,
56541,,6,Billing and Coding: Biomarkers Overview,A,2024-01-01 00:00:00,
56542,,6,Billing and Coding:  BRCA1 and BRCA2 Genetic Testing,A,2025-10-01 00:00:00,
56544,,6,Billing and Coding: Cataract Extraction,A,2026-04-01 00:00:00,
56545,,6,Billing and Coding: Hospice - Renal Care,A,2024-11-21 00:00:00,
56548,,6,Billing and Coding: Corneal Pachymetry,A,2026-04-01 00:00:00,
56549,,6,Billing and Coding: Ophthalmic Biometry for Intraocular Lens Power Calculation,A,2026-04-01 00:00:00,
56550,,6,Billing and Coding: Panretinal (Scatter) Laser Photocoagulation,A,2026-04-01 00:00:00,
56551,,6,Billing and Coding: Visual Fields Testing,A,2026-04-01 00:00:00,
56558,,6,Billing and Coding: Allergy Testing,A,2025-10-07 00:00:00,
56559,,6,Billing and Coding: Allergy Skin Testing,A,2025-10-01 00:00:00,
56562,,6,Billing and Coding: Health and Behavior Assessment/Intervention,A,2024-10-01 00:00:00,
56566,,6,Billing and Coding: Outpatient Physical and Occupational Therapy Services,A,2026-04-01 00:00:00,
56572,,6,Billing and Coding: Percutaneous Vertebral Augmentation (PVA) for Osteoporotic Vertebral Compression Fracture (VCF),A,2025-11-06 00:00:00,
56580,,6,"Billing and Coding: Computerized Axial Tomography (CT), Thorax",A,2026-10-01 00:00:00,
56584,,6,Billing and Coding: Surface Electrical Stimulation in the Treatment of Dysphagia,A,2023-07-13 00:00:00,
56587,,6,Billing and Coding: Cosmetic and Reconstructive Surgery,A,2025-11-17 00:00:00,
56588,,6,Billing and Coding: Micro-Invasive Glaucoma Surgery (MIGS),A,2026-06-01 00:00:00,
56594,,6,Billing and Coding: Panretinal (Scatter) Laser Photocoagulation,A,2026-03-26 00:00:00,
56602,,6,Billing and Coding: Cardiac Rhythm Device Evaluation,A,2025-01-01 00:00:00,
56605,,6,Billing and Coding: B-type Natriuretic Peptide (BNP) Testing,A,2026-10-01 00:00:00,
56607,,6,Billing and Coding: Continuous Peripheral Nerve Blocks (CPNB),A,2025-10-01 00:00:00,
56609,,6,Billing and Coding: Biomarker Testing for Prostate Cancer Diagnosis,A,2026-04-01 00:00:00,
56610,,6,Billing and Coding: Hospice Cardiopulmonary Conditions,A,2023-11-16 00:00:00,
56611,,6,Billing and Coding: Corneal Pachymetry,A,2025-10-01 00:00:00,
56612,,6,Billing and Coding: CT of the Head,A,2026-10-01 00:00:00,
56613,,6,Billing and Coding: Cataract Surgery,A,2025-10-01 00:00:00,
56614,,6,Billing and Coding: Psychiatric Inpatient Hospitalization,A,2025-04-17 00:00:00,
56615,,6,Billing and Coding: Cataract Extraction (including Complex Cataract Surgery),A,2025-10-01 00:00:00,
56616,,6,Billing and Coding: Chiropractic Services,A,2024-12-19 00:00:00,
56617,,6,Billing and Coding: Debridement Services,A,2026-04-01 00:00:00,
56619,,6,Billing and Coding: Nerve Conduction Studies and Electromyography,A,2026-10-01 00:00:00,
56621,,6,Billing and Coding: Swallowing Studies for Dysphagia,A,2026-10-01 00:00:00,
56625,,6,Billing and Coding: Echocardiography,A,2026-10-01 00:00:00,
56631,,6,"Billing and Coding: Thoracic Aortography and Carotid, Vertebral, and Subclavian Angiography",A,2023-10-01 00:00:00,
56632,,6,Billing and Coding: Colonoscopy/Sigmoidoscopy/Proctosigmoidoscopy,A,2025-10-01 00:00:00,
56633,,6,Billing and Coding: Micro-Invasive Glaucoma Surgery (MIGS),A,2023-10-07 00:00:00,
56635,,5,Response to Comments: MolDX: DecisionDX-Melanoma (L38018),A,,
56636,,6,Billing and Coding: MolDX: Melanoma Risk Stratification Molecular Testing,A,2025-10-01 00:00:00,
56638,,6,Billing and Coding: Gastrointestinal Pathogen (GIP) Panels Utilizing Multiplex Nucleic Acid Amplification Techniques (NAATs),A,2025-07-01 00:00:00,
56639,,6,Billing and Coding: Hospice Alzheimer's Disease & Related Disorders,A,2025-10-01 00:00:00,
56640,,6,Billing and Coding: Debridement of Mycotic Nails,A,2019-09-12 00:00:00,
56641,,6,Billing and Coding: Home Health Skilled Nursing Care-Teaching and Training: Alzheimer's Disease and Behavioral Disturbances,A,2025-10-01 00:00:00,
56642,,6,Billing and Coding: Gastrointestinal Pathogen (GIP) Panels Utilizing Multiplex Nucleic Acid Amplification Techniques (NAATs),A,2025-07-01 00:00:00,
56644,,6,Billing and Coding: Endovenous Stenting,A,2025-10-01 00:00:00,
56645,,6,Billing and Coding: Controlled Substance Monitoring and Drugs of Abuse Testing,A,2024-10-01 00:00:00,
56647,,6,Billing and Coding: Micro-Invasive Glaucoma Surgery (MIGS),A,2023-10-07 00:00:00,
56648,,6,Billing and Coding: Home Health-Surface Electrical Stimulation in the Treatment of Dysphagia,A,2023-10-26 00:00:00,
56651,,6,Billing and Coding: Epidural Steroid Injections for Pain Management,A,2023-11-16 00:00:00,
56653,,6,Billing and Coding: 4Kscore Test Algorithm,A,2024-04-29 00:00:00,
56658,,6,Billing and Coding: Cosmetic and Reconstructive Surgery,A,2026-01-01 00:00:00,
56666,,6,Billing and Coding: Frequency of Hemodialysis,A,2023-01-01 00:00:00,
56669,,6,Billing and Coding: Hospice - Liver Disease,A,2024-08-01 00:00:00,
56670,,6,Billing and Coding: Facet Joint Interventions for Pain Management,A,2026-01-05 00:00:00,
56672,,6,Billing and Coding: Electroretinography (ERG),A,2024-10-01 00:00:00,
56673,,6,Billing and Coding: Outpatient Observation Bed/Room Services,A,2024-12-19 00:00:00,
56674,,6,Billing and Coding: Home Health Plans of Care: Monitoring Glucose Control in the Medicare Home Health Population with Type II Diabetes Mellitus,A,2025-04-17 00:00:00,
56675,,6,"Billing and Coding: Homocysteine Level, Serum",A,2024-10-01 00:00:00,
56679,,6,Billing and Coding: Hospice The Adult Failure To Thrive Syndrome,A,2024-10-01 00:00:00,
56680,,6,Billing and Coding: Routine Foot Care,A,2025-11-01 00:00:00,
56681,,6,Billing and Coding: Epidural Steroid Injections for Pain Management,A,2023-11-16 00:00:00,
56682,,6,Billing and Coding: Diagnostic  Abdominal Aortography and Renal Angiography,A,2025-08-19 00:00:00,
56684,,6,Billing and Coding: Intraoperative Radiation Therapy,A,2025-10-01 00:00:00,
56685,,6,Billing and Coding: Partial Hospitalization Programs,A,2024-10-01 00:00:00,
56686,,6,Billing and Coding: HbA1c,A,2025-01-01 00:00:00,
56688,,5,Response to Comments: Tumor Treatment Field Therapy (TTFT) - DL34823,A,,
56691,,6,Billing and Coding: Cardiac Computed Tomography & Angiography (CCTA),A,2026-10-01 00:00:00,
56692,,6,Billing and Coding: Scanning Computerized Ophthalmic Diagnostic Imaging (SCODI),A,2026-08-06 00:00:00,
56695,,6,Billing and Coding: Implantable Infusion Pump,A,2026-10-01 00:00:00,
56696,,6,"Billing and Coding: Wound Application of Cellular and/or Tissue Based Products (CTPs), Lower Extremities",A,2026-09-03 00:00:00,
56697,,6,Billing and Coding: Non-Invasive Vascular Studies,A,2025-11-06 00:00:00,
56703,,6,Billing and Coding: Stretta Procedure,A,2024-08-18 00:00:00,
56704,,6,Billing and Coding: Wireless Capsule Endoscopy,A,2022-03-10 00:00:00,
56717,,6,Billing and Coding: Respiratory Therapy (Respiratory Care),A,2026-01-01 00:00:00,
56718,,6,Billing and Coding: Intravenous Immunoglobulin (IVIG),A,2026-07-01 00:00:00,
56722,,6,Billing and Coding: Intraoperative Neurophysiological Testing,A,2025-10-01 00:00:00,
56724,,6,Billing and Coding: Wireless Gastrointestinal Motility Monitoring Systems,A,2019-10-17 00:00:00,
56726,,6,Billing and Coding: Ophthalmology: Posterior Segment Imaging (Extended Ophthalmoscopy and Fundus Photography),A,2026-04-01 00:00:00,
56727,,6,Billing and Coding: Wireless Capsule Endoscopy,A,2025-10-01 00:00:00,
56729,,6,Billing and Coding: Magnetic Resonance Imaging of the Head and Neck,A,2026-10-01 00:00:00,
56730,,6,Billing and Coding: Respiratory Therapy and Oximetry Services,A,2026-01-01 00:00:00,
56731,,6,Billing and Coding: Nerve Blocks and Electrostimulation for Peripheral Neuropathy,A,2024-01-01 00:00:00,
56732,,6,Billing and Coding: Mohs Micrographic Surgery (MMS),A,2024-01-31 00:00:00,
56736,,5,Response to Comments: Water Vapor Thermal Therapy for LUTS/BPH,A,,
56737,,6,Billing and Coding: Cardiac Computed Tomography (CCT) and Coronary Computed Tomography Angiography (CCTA),A,2026-04-01 00:00:00,
56742,,5,Response to Comments: Biomarker Testing (Prior to Initial Biopsy) for Prostate Cancer Diagnosis,A,,
56743,,6,Billing and Coding: Cardiovascular Nuclear Medicine,A,2026-04-01 00:00:00,
56747,,6,Billing and Coding: Magnetic Resonance Angiography (MRA),A,2026-04-01 00:00:00,
56748,,6,Billing and Coding: White Cell Colony Stimulating Factors,A,2026-07-01 00:00:00,
56754,,6,Billing and Coding: Intravesical Instillation of Bacillus Calmette-Guérin (BCG),A,2019-10-03 00:00:00,
56756,,6,Billing and Coding: Home Health - Psychiatric Care,A,2023-11-09 00:00:00,
56758,,6,Billing and Coding: Non-Invasive Vascular Studies,A,2026-04-01 00:00:00,
56766,,6,"Billing and Coding: Incision and Drainage (I&D) of Abscess of Skin, Subcutaneous and Accessory Structures",A,2026-04-01 00:00:00,
56767,,6,Billing and Coding: Heavy Metal Testing,A,2026-04-01 00:00:00,
56769,,6,Billing and Coding: Somatosensory Testing,A,2025-10-01 00:00:00,
56771,,6,Billing and Coding: Special Electroencephalography,A,2024-11-01 00:00:00,
56773,,6,Billing and Coding: Neurophysiology Evoked Potentials (NEPs),A,2025-10-01 00:00:00,
56774,,6,Billing and Coding: Ophthalmic Angiography (Fluorescein and Indocyanine Green),A,2025-10-01 00:00:00,
56775,,6,Billing and Coding: Magnetic Resonance Angiography,A,2026-10-01 00:00:00,
56777,,6,Billing and Coding: Total Joint Arthroplasty,A,2026-01-01 00:00:00,
56779,,6,Billing and Coding: Intravenous Immune Globulin,A,2026-06-18 00:00:00,
56781,,6,Billing and Coding: Transthoracic Echocardiography (TTE),A,2026-04-01 00:00:00,
56783,,5,Response to Comments: Micro-Invasive Glaucoma Surgery (MIGS),A,,
56784,,6,Billing and Coding: Pulmonary Stress Testing,A,2026-10-01 00:00:00,
56786,,6,Billing and Coding: Immune Globulin,A,2026-07-01 00:00:00,
56787,,6,Billing and Coding: Nonvascular Extremity Ultrasound,A,2026-04-01 00:00:00,
56792,,6,Billing and Coding: YAG Capsulotomy,A,2023-08-17 00:00:00,
56793,,6,Billing and Coding: Genomic Sequence Analysis Panels in the Treatment of Hematolymphoid Diseases,A,2026-04-01 00:00:00,
56795,,6,Billing and Coding: Erythropoiesis Stimulating Agents (ESAs),A,2025-04-01 00:00:00,
56796,,6,Billing and Coding: Lower Extremity Major Joint Replacement (Hip and Knee),A,2026-01-01 00:00:00,
56797,,6,Billing and Coding: Fluid Jet System Treatment for LUTs/BPH,A,2026-04-01 00:00:00,
56798,,6,Billing and Coding: Vitamin D Assay Testing,A,2026-08-06 00:00:00,
56799,,6,Billing and Coding: Visual Fields Testing,A,2025-11-06 00:00:00,
56802,,6,Billing and Coding: Urodynamics,A,2025-10-02 00:00:00,
56805,,6,Billing and Coding: Magnetic Resonance Angiography (MRA),A,2025-10-01 00:00:00,
56808,,6,Billing and Coding: Transtelephonic Spirometry,A,2025-10-02 00:00:00,
56809,,6,Billing and Coding: Transesophageal Echocardiography (TEE),A,2026-09-03 00:00:00,
56811,,6,Billing and Coding: Transcatheter Infusion Therapy,A,2025-09-25 00:00:00,
56816,,6,Billing and Coding: Computerized Corneal Topography,A,2026-01-22 00:00:00,
56818,,6,Billing and Coding: Urine Drug Testing,A,2026-04-16 00:00:00,
56823,,6,Billing and Coding: Percutaneous Coronary Intervention,A,2026-04-01 00:00:00,
56825,,6,Billing and Coding: Scanning Computerized Ophthalmic Diagnostic Imaging (SCODI),A,2025-10-01 00:00:00,
56826,,6,Billing and Coding: B-type Natriuretic Peptide (BNP) Testing,A,2026-04-01 00:00:00,
56827,,6,Billing and Coding:  Proton Beam Therapy,A,2026-04-01 00:00:00,
56836,,6,Billing and Coding: Mohs Micrographic Surgery,A,2026-05-07 00:00:00,
56837,,6,Billing and Coding: Reduction Mammaplasty,A,2026-04-01 00:00:00,
56838,,6,Billing and Coding: Lab: Special Histochemical Stains and Immunohistochemical Stains,A,2024-07-14 00:00:00,
56841,,6,"Billing and Coding: Vitamin D; 25 hydroxy, includes fraction(s), if performed",A,2023-10-01 00:00:00,
56844,,6,Billing and Coding: RAST Type Tests,A,2026-04-01 00:00:00,
56845,,6,Billing and Coding: Venous Angioplasty with or without Stent Placement for the Treatment of Chronic Cerebrospinal Venous Insufficiency,A,2026-04-01 00:00:00,
56848,,6,Billing and Coding: Multiple Imaging in Oncology,A,2025-01-01 00:00:00,
56850,,6,Billing and Coding: Psychiatric Partial Hospitalization Programs,A,2026-04-01 00:00:00,
56852,,6,Billing and Coding: Laparoscopic Sleeve Gastrectomy for Severe Obesity,A,2026-10-01 00:00:00,
56853,,6,Billing and Coding: MolDX: Molecular Diagnostic Tests (MDT),A,2026-07-01 00:00:00,
56857,,6,Billing and Coding: MolDX: HLA-DQB1*06:02 Testing for Narcolepsy,A,2021-07-08 00:00:00,
56859,,6,Billing and Coding: MolDX: HLA Testing for Transplant Histocompatibility,A,2021-02-11 00:00:00,
56863,,6,Billing and Coding: Select Minimally Invasive GERD Procedures,A,2026-04-01 00:00:00,
56865,,6,Billing and Coding: Psychiatric Inpatient Hospitalization,A,2026-04-01 00:00:00,
56866,,6,Billing and Coding: Micro-Invasive Glaucoma Surgery (MIGS),A,2026-06-01 00:00:00,
56867,,6,Billing and Coding: Genomic Sequence Analysis Panels in the Treatment of Solid Organ Neoplasms,A,2026-04-01 00:00:00,
56868,,6,Billing and Coding: Outpatient Speech Language Pathology,A,2025-10-01 00:00:00,
56869,,6,Billing and Coding: Use of Laterality Modifiers,A,2025-01-01 00:00:00,
56870,,6,Billing and Coding: MolDX: Oncotype DX® Breast Cancer for DCIS (Genomic Health™),A,2021-11-25 00:00:00,
56871,,6,Billing and Coding: In Vitro Chemosensitivity & Chemoresistance Assays,A,2025-01-01 00:00:00,
56872,,6,Billing and Coding: GlycoMark® Testing for Glycemic Control,A,2023-07-27 00:00:00,
56874,,6,Billing and Coding: Stereotactic Radiation Therapy: Stereotactic Radiosurgery (SRS) and Stereotactic Body Radiation Therapy (SBRT),A,2026-04-01 00:00:00,
56875,,6,Billing and Coding: MolDX: Breast Cancer Index® (BCI) Gene Expression Test,A,2021-10-09 00:00:00,
56876,,6,Billing and Coding: Spinal Cord Stimulators for Chronic Pain,A,2024-01-01 00:00:00,
56881,,6,Billing and Coding: MolDX: HLA-DQB1*06:02 Testing for Narcolepsy,A,2025-08-07 00:00:00,
56884,,6,Billing and Coding: MolDX: Breast Cancer Index™ (BCI) Gene Expression Test,A,2023-11-16 00:00:00,
56885,,6,Billing and Coding: MolDX: HLA Testing for Transplant Histocompatibility,A,2023-11-16 00:00:00,
56887,,6,Billing and Coding: MolDX: Oncotype DX® Breast Cancer for DCIS (Genomic Health™),A,2023-11-22 00:00:00,
56898,,6,"Billing and Coding: MolDX: Envisia™, Veracyte™, Idiopathic Pulmonary Fibrosis Diagnostic Test",A,2021-06-24 00:00:00,
56899,,6,"Billing and Coding: MolDX: Genetic Testing for Hypercoagulability/Thrombophilia (Factor V Leiden, Factor II Prothrombin, and MTHFR)",A,2024-11-07 00:00:00,
56900,,6,Billing and Coding: Immunizations,A,2025-10-01 00:00:00,
56902,,6,Billing and Coding: Category III Codes,A,2026-01-01 00:00:00,
56903,,6,Billing and Coding: Polysomnography and Other Sleep Studies,A,2025-06-26 00:00:00,
56905,,6,Billing and Coding: Surgical Treatment of Obstructive Sleep Apnea (OSA),A,2026-01-01 00:00:00,
56906,,6,Billing and Coding: MolDX: DecisionDx-UM (Uveal Melanoma),A,2022-06-30 00:00:00,
56907,,6,Billing and Coding: Bisphosphonate Drug Therapy,A,2026-01-01 00:00:00,
56908,,6,"Billing and Coding: Blepharoplasty, Blepharoptosis and Brow Lift",A,2026-01-01 00:00:00,
56910,,6,Billing and Coding: Corneal Hysteresis,A,2025-07-31 00:00:00,
56913,,6,Billing and Coding: MDS FISH,A,2023-07-13 00:00:00,
56914,,6,Billing and Coding: Treatment of Varicose Veins of the Lower Extremities,A,2026-01-01 00:00:00,
56915,,6,Billing and Coding: Urine Drug Testing,A,2026-06-01 00:00:00,
56916,,6,Billing and Coding: Scanning Computerized Ophthalmic Diagnostic Imaging (SCODI),A,2026-04-30 00:00:00,
56917,,5,Response to Comments: Corneal Hysteresis L38211,A,,
56923,,6,Billing and Coding: Outpatient Sleep Studies,A,2023-01-01 00:00:00,
56924,,6,"Billing and Coding: MolDX: Inivata™, InVisionFirst®, Liquid Biopsy for Patients with Lung Cancer",A,2023-07-01 00:00:00,
56926,,6,Billing and Coding: MDS FISH,A,2026-08-06 00:00:00,
56929,,6,Billing and Coding: BDX-XL2,A,2023-09-21 00:00:00,
56933,,6,Billing and Coding: MolDX: Prometheus® IBD sgi Diagnostic® Policy,A,2022-10-20 00:00:00,
56937,,6,Billing and Coding: Psychiatry and Psychology Services,A,2026-04-01 00:00:00,
56938,,6,Billing and Coding: Hypoglossal Nerve Stimulation for the Treatment of Obstructive Sleep Apnea,A,2022-01-01 00:00:00,
56940,,6,Billing and Coding: MolDX: Prometheus IBD sgi Diagnostic Policy,A,2025-02-13 00:00:00,
56941,,6,Billing and Coding: MolDX: MGMT Promoter Methylation Analysis,A,2021-10-14 00:00:00,
56943,,6,Billing and Coding: MolDX: Biomarkers in Cardiovascular Risk Assessment,A,2025-10-01 00:00:00,
56948,,6,Billing and Coding: Lab: Cystatin C Measurement,A,2026-10-01 00:00:00,
56949,,6,Billing and Coding: MolDX: Breast Cancer Assay: Prosigna®,A,2021-04-22 00:00:00,
56952,,6,Billing and Coding: Cardiology Non-emergent Outpatient Stress Testing,A,2026-01-01 00:00:00,
56953,,6,Billing and Coding: Hypoglossal Nerve Stimulation for the Treatment of Obstructive Sleep Apnea,A,2022-01-01 00:00:00,
56954,,6,Billing and Coding: Osteopathic Manipulative Treatment,A,2026-04-01 00:00:00,
56957,,6,Billing and Coding: ProMark® Risk Score,A,2021-12-30 00:00:00,
56961,,6,Billing and Coding: MolDX: Melanoma Risk Stratification Molecular Testing,A,2025-10-01 00:00:00,
56962,,6,Billing and Coding: MolDX: NRAS Genetic Testing,A,2021-10-01 00:00:00,
56963,,6,Billing and Coding: MolDX: EndoPredict Breast Cancer Gene Expression Test,A,2021-11-04 00:00:00,
56968,,5,Response to Comments: Corneal Hysteresis,A,,
56973,,6,Billing and Coding: MolDX: Molecular Diagnostic Tests (MDT),A,2026-07-01 00:00:00,
56980,,6,"Billing and Coding: MolDX: Genetic Testing for Hypercoagulability / Thrombophilia (Factor V Leiden, Factor II Prothrombin, and MTHFR)",A,2025-06-19 00:00:00,
56981,,6,Billing and Coding: MolDX: DecisionDx-UM (Uveal Melanoma),A,2023-11-16 00:00:00,
56982,,6,"Billing and Coding: MolDX: Inivata™, InVisionFirst®, Liquid Biopsy for Patients with Lung Cancer",A,2025-06-19 00:00:00,
56983,,6,Billing and Coding: MolDX: MGMT Promoter Methylation Analysis,A,2024-08-22 00:00:00,
56985,,6,"Billing and Coding: MolDX: Envisia™, Veracyte™, Idiopathic Pulmonary Fibrosis Diagnostic Test",A,2023-11-16 00:00:00,
56988,,6,Billing and Coding:  Cystatin C Measurement,A,2025-12-04 00:00:00,
56989,,6,Billing and Coding: MolDX: Breast Cancer Assay: Prosigna®,A,2023-11-16 00:00:00,
56995,,6,Billing and Coding: Polysomnography,A,2024-03-07 00:00:00,
56997,,6,Billing and Coding: MolDX: EndoPredict Breast Cancer Gene Expression Test,A,2025-05-08 00:00:00,
56998,,6,Billing and Coding: MolDX: NRAS Genetic Testing,A,2023-11-22 00:00:00,
57010,,5,Response to Comments: Cervical Disc Replacement,A,,
57020,,6,Billing and Coding: Multimarker Serum Tests Related to Ovarian Cancer Testing,A,2026-04-01 00:00:00,
57021,,6,Billing and Coding: Cervical Disc Replacement,A,2024-01-01 00:00:00,
57024,,6,Billing and Coding: Autonomic Function Testing,A,2026-04-01 00:00:00,
57025,,6,"Billing and Coding: Blepharoplasty, Blepharoptosis Repair and Surgical Procedures of the Brow",A,2025-01-01 00:00:00,
57029,,6,"Billing and Coding: Ultrasound, Soft Tissues of Head and Neck",A,2022-10-01 00:00:00,
57030,,6,Billing and Coding: EEG – Ambulatory Monitoring,A,2026-04-01 00:00:00,
57034,,6,Billing and Coding: ProMark® Risk Score,A,2024-11-14 00:00:00,
57037,,6,Billing and Coding: MolDX: Biomarkers in Cardiovascular Risk Assessment,A,2026-01-22 00:00:00,
57038,,6,"Billing and Coding: Surveillance of Implantable or Wearable Cardioverter Defibrillators (ICDs): Office, Hospital, Web, or Non-Web Based",A,2026-09-03 00:00:00,
57039,,6,Billing and Coding: Stretta Procedure,A,2026-09-03 00:00:00,
57040,,6,Billing and Coding: Speech-Language Pathology,A,2026-08-06 00:00:00,
57041,,6,Billing and Coding: Somatosensory Testing,A,2026-03-26 00:00:00,
57043,,6,Billing and Coding: RAST Type Tests,A,2026-08-06 00:00:00,
57044,,6,Billing and Coding: Removal of Benign Skin Lesions,A,2026-08-06 00:00:00,
57047,,6,Billing and Coding: Transcranial Magnetic Stimulation (TMS),A,2024-01-04 00:00:00,
57049,,6,Billing and Coding: Polysomnography and Other Sleep Studies,A,2026-03-05 00:00:00,
57050,,6,Billing and Coding: Post-Void Residual Urine and/or Bladder Capacity by Ultrasound,A,2026-03-26 00:00:00,
57052,,6,Billing and Coding: Psychiatric Inpatient Hospitalization,A,2026-03-26 00:00:00,
57053,,6,Billing and Coding: Psychiatric Partial Hospitalization Programs,A,2026-03-26 00:00:00,
57054,,6,Billing and Coding: Psychological Services Coverage under the Incident to Provision for Physicians and Non-physicians,A,2026-03-26 00:00:00,
57056,,6,Billing and Coding: Aortography and Peripheral Angiography,A,2025-08-19 00:00:00,
57060,,6,Billing and Coding: Visual Electrophysiology Testing,A,2026-04-01 00:00:00,
57063,,6,Billing and Coding: Diagnostic and Therapeutic Esophagogastroduodenoscopy,A,2025-10-01 00:00:00,
57065,,6,Billing and Coding: Outpatient Psychiatry and Psychology Services,A,2026-06-04 00:00:00,
57067,,6,Billing and Coding: Outpatient Physical and Occupational Therapy Services,A,2026-06-04 00:00:00,
57068,,6,Billing and Coding: Ocular Photography - External,A,2026-09-03 00:00:00,
57069,,6,Billing and Coding: Ophthalmic Angiography (Fluorescein and Indocyanine Green),A,2026-05-28 00:00:00,
57070,,6,Billing and Coding: Ophthalmic Biometry for Intraocular Lens Power Calculation,A,2026-06-04 00:00:00,
57071,,6,Billing and Coding: Ophthalmology: Posterior Segment Imaging (Extended Ophthalmoscopy and Fundus Photography),A,2026-06-04 00:00:00,
57072,,6,Billing and Coding: Transcranial Magnetic Stimulation (TMS) in the Treatment of Adults with Major Depressive Disorder,A,2023-07-06 00:00:00,
57077,,6,Billing and Coding: Controlled Substance Monitoring and Drugs of Abuse Testing,A,2024-10-01 00:00:00,
57079,,6,"Billing and Coding: Injections - Tendon, Ligament, Ganglion Cyst, Tunnel Syndromes and Morton's Neuroma",A,2026-01-01 00:00:00,
57083,,6,Billing and Coding: B-type Natriuretic Peptide (BNP) Testing,A,2026-03-05 00:00:00,
57092,,6,Billing and Coding: Hypoglossal Nerve Stimulation for Treatment of Obstructive Sleep Apnea,A,2026-04-01 00:00:00,
57100,,6,Billing and Coding: MolDX: Repeat Germline Testing,A,2026-07-01 00:00:00,
57106,,6,Billing and Coding: MolDX: Prostate Cancer Genomic Classifier Assay for Men with Localized Disease,A,2024-02-01 00:00:00,
57110,,6,Billing and Coding: MolDX: Blood Product Molecular Antigen Typing,A,2024-10-01 00:00:00,
57112,,6,Billing and Coding: MolDX: Predictive Classifiers for Early Stage Non-Small Cell Lung Cancer,A,2022-02-24 00:00:00,
57113,,6,Billing and Coding: Removal of Benign Skin Lesions,A,2026-01-01 00:00:00,
57114,,6,Billing and Coding: Trigger Point Injections,A,2026-09-06 00:00:00,
57115,,6,Billing and Coding: Noninvasive Ear or Pulse Oximetry For Oxygen Saturation,A,2026-01-01 00:00:00,
57118,,6,Billing and Coding: Vestibular Function Tests,A,,
57122,,6,Billing and Coding: Parathormone (Parathyroid Hormone),A,2025-12-18 00:00:00,
57123,,6,Billing and Coding: Nerve Conduction Studies and Electromyography,A,2025-10-01 00:00:00,
57124,,6,Billing and Coding: MolDX: Blood Product Molecular Antigen Typing,A,2026-01-22 00:00:00,
57125,,6,Billing and Coding: Peripheral Venous Ultrasound,A,2024-10-01 00:00:00,
57130,,6,Billing and Coding: Psychiatric Codes,A,2025-10-01 00:00:00,
57132,,6,Billing and Coding: Bone Mass Measurement,A,2024-01-04 00:00:00,
57141,,6,Billing and Coding: MolDX: Repeat Germline Testing,A,2026-07-01 00:00:00,
57143,57144,6,Billing and Coding: MolDX: Decipher® Biopsy Prostate Cancer Classifier Assay for Men with Favorable Intermediate Risk Disease,P,,
57145,,6,Billing and Coding: Surgical Management of Morbid Obesity,A,2026-01-01 00:00:00,
57146,57147,6,Billing and Coding: MolDX: Signatera and Minimal Residual Disease Testing for Colorectal Cancer,P,,
57149,,6,Billing and Coding: Hypoglossal Nerve Stimulation for Treatment of Obstructive Sleep Apnea,A,2026-03-05 00:00:00,
57152,57153,6,Billing and Coding: MolDX: SelectMDx for Prostate Cancer,P,,
57155,,6,Billing and Coding: MolDX: Blood Product Molecular Antigen Typing,A,2024-10-01 00:00:00,
57160,,6,Billing and Coding: Immune Thrombocytopenia (ITP) Therapy,A,2026-04-16 00:00:00,
57161,,6,"Billing and Coding: Benign Skin Lesion Removal (Excludes Actinic Keratosis, and Mohs)",A,2026-01-01 00:00:00,
57165,,6,Billing and Coding: MolDX: Melanoma Risk Stratification Molecular Testing,A,2025-10-01 00:00:00,
57170,57171,6,Billing and Coding: MolDX: Razor 14-Gene Lung Cancer Assay,P,,
57174,57175,6,Billing and Coding: MolDX: Pharmacogenomics Testing,P,,
57179,,6,Billing and Coding: Transesophageal Echocardiogram,A,2026-02-26 00:00:00,
57181,,6,Billing and Coding: Allergy Testing,A,2025-10-01 00:00:00,
57183,,6,"Billing and Coding: Cardiovascular Stress Testing, Including Exercise and/or Pharmacological Stress and Stress Echocardiography",A,2026-01-01 00:00:00,
57185,,6,Billing and Coding: Botulinum Toxin Injections,A,2026-04-09 00:00:00,
57186,,6,Billing and Coding: Botulinum Toxin Injections,A,2026-04-09 00:00:00,
57187,,6,Billing and Coding: Immune Globulin Intravenous (IVIg),A,2026-07-01 00:00:00,
57188,,6,Billing and Coding: Routine Foot Care,A,2025-10-01 00:00:00,
57189,,6,Billing and Coding: Serum Magnesium,A,2025-10-16 00:00:00,
57190,,6,"Billing and Coding: Blepharoplasty,  Eyelid Surgery, and Brow Lift",A,2025-10-16 00:00:00,
57193,,6,Billing and Coding: Routine Foot Care and Debridement of Nails,A,2026-08-06 00:00:00,
57195,,6,Billing and Coding: Cataract Surgery in Adults,A,2025-10-01 00:00:00,
57204,,6,Billing and Coding: MRI and CT Scans of the Head and Neck,A,2026-01-01 00:00:00,
57205,,6,Billing and Coding: Oximetry Services,A,2026-01-01 00:00:00,
57206,,6,Billing and Coding: Lumbar MRI,A,2025-10-23 00:00:00,
57221,,6,Billing and Coding: Plastic Surgery,A,2025-10-16 00:00:00,
57224,,6,Billing and Coding: Respiratory Care,A,2026-01-01 00:00:00,
57237,,6,Billing and Coding: GlycoMark Testing for Glycemic Control,A,2025-10-16 00:00:00,
57268,,6,Billing and Coding: MolDX: Melanoma Risk Stratification Molecular Testing,A,2026-01-22 00:00:00,
57282,,6,Billing and Coding: Percutaneous Vertebral Augmentation (PVA) for Vertebral Compression Fracture (VCF),A,2025-10-08 00:00:00,
57284,,6,Billing and Coding: Nasal Punctum-Nasolacrimal Duct Dilation and Probing with or without Irrigation,A,2026-05-28 00:00:00,
57285,,5,Response to Comments: Micro Invasive Glaucome Surgery (MIGS),A,,
57305,,6,"Billing and Coding: Varicose Veins of the Lower Extremity, Treatment of",A,2025-10-09 00:00:00,
57306,,6,Billing and Coding: Transthoracic Echocardiography (TTE),A,2026-04-16 00:00:00,
57307,,6,Billing and Coding: Nerve Conduction Studies and Electromyography,A,2026-05-07 00:00:00,
57311,,6,Billing and Coding: Physical Therapy - Home Health,A,2026-08-06 00:00:00,
57326,,6,Billing and Coding: Electrocardiograms,A,2025-11-06 00:00:00,
57329,,6,Billing and Coding: MolDX: Predictive Classifiers for Early Stage Non-Small Cell Lung Cancer,A,2026-02-05 00:00:00,
57331,,6,Billing and Coding: MolDX: Repeat Germline Testing,A,2026-07-01 00:00:00,
57342,,6,Billing and Coding: Diagnostic and Therapeutic Colonoscopy,A,2025-11-06 00:00:00,
57356,,6,Billing and Coding: BDX-XL2,A,2025-10-23 00:00:00,
57361,,6,Billing and Coding: Monitored Anesthesia Care,A,2026-01-01 00:00:00,
57363,,6,Billing and Coding: MolDX: Breast Cancer Assay: Prosigna®,A,2026-01-22 00:00:00,
57372,,6,Billing and Coding: MolDX: Prostate Cancer Genomic Classifier Assay for Men with Localized Disease,A,2026-02-05 00:00:00,
57384,,6,Billing and Coding: MolDX: Pharmacogenomics Testing,A,2026-07-01 00:00:00,
57386,,6,Billing and Coding: MolDX: Biomarkers in Cardiovascular Risk Assessment,A,2025-10-01 00:00:00,
57414,,6,Billing and Coding: Upper Gastrointestinal Endoscopy (Diagnostic and Therapeutic),A,2025-10-01 00:00:00,
57419,,6,"Billing and Coding: MolDX: Envisia™, Veracyte™, Idiopathic Pulmonary Fibrosis Diagnostic Test",A,2026-01-22 00:00:00,
57423,,6,"Billing and Coding: MolDX: Genetic Testing for Hypercoagulability / Thrombophilia (Factor V Leiden, Factor II Prothrombin, and MTHFR)",A,2026-01-22 00:00:00,
57427,,6,Billing and Coding: Transrectal Ultrasound,A,2026-04-01 00:00:00,
57428,,6,Billing and Coding: Total Joint Arthroplasty,A,2026-04-01 00:00:00,
57431,,6,Billing and Coding: Minimally-invasive Surgical (MIS) Fusion of the Sacroiliac (SI) Joint,A,2026-04-01 00:00:00,
57432,,6,Billing and Coding: MolDX: MGMT Promoter Methylation Analysis,A,2026-01-22 00:00:00,
57434,,6,Billing and Coding: Vestibular and Audiologic Function Studies,A,2025-10-01 00:00:00,
57436,,5,Response to Comments: Percutaneous Vertebral Augmentation (PVA) for Osteoporotic Vertebral Compression Fracture (VCF),A,,
57441,,6,Billing and Coding: MolDX: HLA-DQB1*06:02 Testing for Narcolepsy,A,2026-01-22 00:00:00,
57449,,6,Billing and Coding: BRCA1 and BRCA2 Genetic Testing,A,2025-10-01 00:00:00,
57450,,6,Billing and Coding: Genetic Testing for Lynch Syndrome,A,2025-10-01 00:00:00,
57451,,6,Billing and Coding: Molecular Pathology Procedures,A,2024-01-01 00:00:00,
57452,,6,Billing and Coding: Peripheral Nerve Blocks,A,2026-04-01 00:00:00,
57453,,6,Billing and Coding: Posterior Tibial Nerve Stimulation for Voiding Dysfunction,A,2026-04-01 00:00:00,
57455,,6,Billing and Coding: Urodynamics,A,2026-04-01 00:00:00,
57473,,6,Billing and Coding: Allergy Testing,A,2025-10-01 00:00:00,
57476,,6,Billing and Coding: Electrocardiographic (EKG or ECG) Monitoring (Holter or Real-Time Monitoring),A,2025-08-28 00:00:00,
57477,,6,Billing and Coding: Mohs Micrographic Surgery,A,2026-07-30 00:00:00,
57478,,6,Billing and Coding: Nerve Conduction Studies and Electromyography,A,2025-10-01 00:00:00,
57479,,6,Billing and Coding: Percutaneous Coronary Interventions,A,2026-01-01 00:00:00,
57480,,6,Billing and Coding: Psychiatry and Psychology Services,A,2026-01-01 00:00:00,
57481,,6,Billing and Coding: Psychological and Neuropsychological Testing,A,2024-10-31 00:00:00,
57482,,6,Billing and Coding: Removal of Benign Skin Lesions,A,2026-07-30 00:00:00,
57483,,6,Billing and Coding: Visual Fields,A,2025-10-01 00:00:00,
57484,,6,Billing and Coding: Vitamin D Assay Testing,A,2024-10-01 00:00:00,
57486,,6,Billing and Coding: MolDX: NRAS Genetic Testing,A,2026-02-05 00:00:00,
57496,,6,Billing and Coding: Polysomnography and Sleep Testing,A,2024-05-16 00:00:00,
57497,,6,Billing and Coding: Chest X-Ray Policy,A,2025-11-06 00:00:00,
57503,,6,Billing and Coding: MolDX: Testing of Multiple Genes,A,2026-09-17 00:00:00,
57512,,6,Billing and Coding: Magnetic-Resonance-Guided Focused Ultrasound Surgery (MRgFUS) for Essential Tremor and Tremor Dominant Parkinson's Disease,A,2025-09-11 00:00:00,
57515,,6,Billing and Coding: ProMark® Risk Score,A,2025-10-23 00:00:00,
57516,,6,Billing and Coding: MolDX: Prometheus® IBD sgi Diagnostic® Policy,A,2026-02-05 00:00:00,
57520,,6,Billing and Coding: Psychiatric Diagnostic Evaluation and Psychotherapy Services,A,2025-01-01 00:00:00,
57526,,6,Billing and Coding: MolDX: Molecular Diagnostic Tests (MDT),A,2026-07-01 00:00:00,
57528,,6,Billing and Coding: Transcranial Magnetic Stimulation,A,2026-04-01 00:00:00,
57531,,6,Billing and Coding: Allergy Testing,A,2025-10-07 00:00:00,
57540,,6,Billing and Coding: Somatosensory Testing,A,2025-10-01 00:00:00,
57551,,6,Billing and Coding: Autonomic Function Testing,A,2026-01-01 00:00:00,
57552,,6,Billing and Coding: Coronary Computed Tomography Angiography (CCTA),A,2025-10-30 00:00:00,
57554,,6,Billing and Coding: Immune Globulins,A,2026-07-01 00:00:00,
57558,,6,Billing and Coding: BDX-XL2,A,2023-03-30 00:00:00,
57559,,6,Billing and Coding: MolDX: Biomarkers in Cardiovascular Risk Assessment,A,2025-10-01 00:00:00,
57560,,6,Billing and Coding: MolDX: Breast Cancer Assay: Prosigna®,A,2025-05-01 00:00:00,
57566,,6,Billing and Coding: MolDX: Decision Dx-UM (Uveal Melanoma),A,2025-05-28 00:00:00,
57567,,6,Billing and Coding: MolDX: EndoPredict® Breast Cancer Gene Expression Test,A,2025-05-01 00:00:00,
57568,,6,"Billing and Coding: MolDX: Envisia™, Veracyte™, Idiopathic Pulmonary Fibrosis Diagnostic Test",A,2023-04-27 00:00:00,
57571,,6,"Billing and Coding: MolDX: Genetic Testing for Hypercoagulability/Thrombophilia (Factor V Leiden, Factor II Prothrombin, and MTHFR)",A,2024-11-07 00:00:00,
57575,,6,Billing and Coding: MolDX: HLA-DQB1*06:02 Testing for Narcolepsy,A,2023-06-29 00:00:00,
57576,,6,Billing and Coding: MDS FISH,A,2023-06-01 00:00:00,
57577,,6,Billing and Coding: MolDX: MGMT Promoter Methylation Analysis,A,2023-08-31 00:00:00,
57581,,6,Billing and Coding: MolDX: NRAS Genetic Testing,A,2023-07-27 00:00:00,
57583,,6,Billing and Coding: MolDX: Oncotype DX® Breast Cancer for DCIS (Genomic Health™),A,2025-10-30 00:00:00,
57587,,6,Billing and Coding: ProMark® Risk Score,A,2023-12-28 00:00:00,
57588,,6,Billing and Coding: MolDX: Prometheus® IBD sgi Diagnostic® Policy,A,2025-10-30 00:00:00,
57589,,6,Billing and Coding: Nerve Blocks for Peripheral Neuropathy,A,2023-11-30 00:00:00,
57590,,6,Billing and Coding: Non-Coronary Vascular Stents,A,2026-01-01 00:00:00,
57591,,6,Billing and Coding: Non-Invasive Abdominal / Visceral Vascular Studies,A,2026-08-01 00:00:00,
57592,,6,Billing and Coding: Non-Invasive Cerebrovascular Studies,A,2026-02-26 00:00:00,
57593,,6,Billing and Coding: Non-Invasive Peripheral Arterial Vascular Studies,A,2025-10-01 00:00:00,
57594,,6,Billing and Coding: Non-Invasive Peripheral Venous Vascular and Hemodialysis Access Studies,A,2026-01-01 00:00:00,
57595,,6,Billing and Coding: Pelvic Floor Dysfunction: Anorectal Manometry and EMG,A,2026-03-05 00:00:00,
57596,,6,Billing and Coding: Percutaneous minimally invasive fusion/stabilization of the sacroiliac joint for the treatment of back pain,A,2026-01-01 00:00:00,
57597,,6,Billing and Coding: Somatosensory Testing,A,2025-10-01 00:00:00,
57598,,6,Billing and Coding: Transcranial Magnetic Stimulation (TMS),A,2026-03-26 00:00:00,
57599,,6,Billing and Coding: Visual Electrophysiology Testing,A,2025-10-01 00:00:00,
57600,,6,Billing and Coding: Scanning Computerized Ophthalmic Diagnostic Imaging (SCODI),A,2025-10-01 00:00:00,
57604,,6,Billing and Coding: Intraoperative Neurophysiological Testing,A,2024-02-01 00:00:00,
57607,,6,Billing and Coding: MolDX: EndoPredict® Breast Cancer Gene Expression Test,A,2026-01-22 00:00:00,
57611,,6,Billing and Coding: Lab: Special Histochemical Stains and Immunohistochemical Stains,A,2025-11-02 00:00:00,
57612,,6,Billing and Coding: Measurement of Salivary Hormones,A,2025-10-16 00:00:00,
57614,,6,Billing and Coding: Lab: Special Histochemical Stains and Immunohistochemical Stains,A,2025-11-02 00:00:00,
57615,,6,Billing and Coding: Treatment of Males with Low Testosterone,A,2025-10-16 00:00:00,
57618,,6,"Billing and Coding: Blepharoplasty, Blepharoptosis Repair and Surgical Procedures of the Brow",A,2025-01-01 00:00:00,
57619,,6,Billing and Coding: MolDX: Oncotype DX® Breast Cancer for DCIS (Genomic Health™),A,2026-02-05 00:00:00,
57621,,6,Billing and Coding: MolDX: DecisionDx-UM (Uveal Melanoma),A,2026-01-22 00:00:00,
57630,,6,Billing and Coding: Percutaneous Vertebral Augmentation (PVA) for Vertebral Compression Fracture (VCF),A,2024-08-01 00:00:00,
57631,,5,Response to Comments: Percutaneous Vertebral Augmentation (PVA) for Osteoporotic Vertebral Compression Fracture (VCF) L38213,A,,
57633,,6,Billing and Coding: Transcranial Doppler Studies,A,2025-01-01 00:00:00,
57636,,6,Billing and Coding: Duplex Scanning,A,2025-10-01 00:00:00,
57637,,6,Billing and Coding: Visual Field Examination,A,2025-10-01 00:00:00,
57638,,6,Billing and Coding: Destruction of Malignant Skin Lesions,A,2024-01-01 00:00:00,
57643,,6,Billing and Coding: Lab: Cystatin C Measurement,A,2025-09-11 00:00:00,
57647,,6,Billing and Coding: Transcranial Magnetic Stimulation (TMS) in the Treatment of Adults with Major Depressive Disorder,A,2023-07-06 00:00:00,
57649,,6,Billing and Coding: B-Type Natriuretic Peptide (BNP),A,2023-10-01 00:00:00,
57651,,6,Billing and Coding: Autonomic Function Tests,A,,
57657,,6,"Billing and Coding: Sedimentation Rate, Erythrocyte",A,2024-10-01 00:00:00,
57660,,6,Billing and Coding: Excision of Malignant Skin Lesions,A,,
57661,,6,Billing and Coding: MDS FISH,A,2025-10-23 00:00:00,
57663,,6,Billing and Coding: Nerve Blocks for Peripheral Neuropathy,A,2026-05-07 00:00:00,
57664,,6,"Billing and Coding: MolDX: Inivata™, InVisionFirst®, Liquid Biopsy for Patients with Lung Cancer",A,2026-01-22 00:00:00,
57666,,6,Billing and Coding: Surgical Treatment of Nails,A,2026-01-01 00:00:00,
57667,,6,Billing and Coding: Special EEG Tests,A,2020-10-01 00:00:00,
57668,,6,Billing and Coding: Nerve Conduction Studies and Electromyography,A,2026-04-01 00:00:00,
57669,,6,Billing and Coding: Proton Beam Radiotherapy,A,2025-10-01 00:00:00,
57670,,6,Billing and Coding: Non-invasive Extracranial Arterial Studies,A,2025-12-01 00:00:00,
57672,,6,Billing and Coding: Nail Debridement,A,,
57677,,6,Billing and Coding: Electroretinography (ERG),A,2024-10-01 00:00:00,
57678,,6,Billing and Coding: Allergen Immunotherapy,A,2025-10-01 00:00:00,
57680,,6,Billing and Coding: Application of Skin Substitute Grafts for Treatment of DFU and VLU of Lower Extremities,A,2026-01-01 00:00:00,
57682,,6,Billing and Coding: Cystatin C Measurement,A,2020-10-01 00:00:00,
57683,,6,Billing and Coding: Total Hip Arthroplasty,A,2025-11-06 00:00:00,
57685,,6,Billing and Coding: Total Knee Arthroplasty,A,2026-01-01 00:00:00,
57689,,6,Billing and Coding: Lab: Flow Cytometry,A,2025-11-06 00:00:00,
57692,,6,Billing and Coding: Transcranial Magnetic Stimulation (TMS),A,2025-08-14 00:00:00,
57697,,6,Billing and Coding: Polysomnography and Other Sleep Studies,A,2025-09-11 00:00:00,
57701,,6,Billing and Coding: Trigger Point Injections (TPI),A,2026-01-01 00:00:00,
57706,,6,Billing and Coding: Treatment of Varicose Veins of the Lower Extremities,A,2025-10-16 00:00:00,
57715,,6,Billing and Coding: Botulinum Toxins,A,2025-11-09 00:00:00,
57718,,6,Billing and Coding: Vitamin D Assay Testing,A,2025-08-14 00:00:00,
57726,,6,Billing and Coding: Psychiatric Inpatient Hospitalization,A,2023-10-19 00:00:00,
57733,,6,Billing and Coding: Lab: Special Histochemical Stains and Immunohistochemical Stains,A,2026-04-30 00:00:00,
57735,,5,Response to Comments: Micro-Invasive Glaucoma Surgery (MIGS),A,,
57736,,6,Billing and Coding: Vitamin D Assay Testing,A,2026-04-01 00:00:00,
57740,,5,Response to Comments: Micro-Invasive Glaucoma Surgery (MIGS),A,,
57751,,6,Billing and Coding: Trigger Point Injections,A,2026-09-06 00:00:00,
57752,,6,Billing and Coding: Percutaneous Vertebral Augmentation (PVA) for Vertebral Compression Fracture (VCF),A,2020-07-12 00:00:00,
57753,,6,Billing and Coding: Wireless Capsule Endoscopy,A,2022-01-01 00:00:00,
57755,,6,Billing and Coding: Vitamin B<sub>12</sub> Injections,A,2024-04-01 00:00:00,
57759,,6,Billing and Coding: Routine Foot Care and Debridement of Nails,A,2026-04-01 00:00:00,
57765,,6,Billing and Coding: Major Joint Replacement (Hip and Knee),A,2026-06-25 00:00:00,
57767,,6,Billing and Coding: Mohs Micrographic Surgery (MMS),A,2023-12-11 00:00:00,
57772,,6,Billing and Coding: MolDX: Molecular Diagnostic Tests (MDT),A,2026-07-01 00:00:00,
57773,,6,Billing and Coding: MolDX: Breast Cancer Index® (BCI) Gene Expression Test,A,2026-01-22 00:00:00,
57778,,6,Billing and Coding: Immune Globulin,A,2026-07-01 00:00:00,
57779,,6,Billing and Coding: Magnetic Resonance Angiography (MRA),A,2025-01-01 00:00:00,
57780,,6,Billing and Coding: Psychological and Neuropsychological Tests,A,2025-10-01 00:00:00,
57787,,6,Billing and Coding: Facet Joint Interventions for Pain Management,A,2026-01-05 00:00:00,
57788,,6,Billing and Coding: Peripheral Nerve Blocks,A,2025-10-30 00:00:00,
57791,,6,Billing and Coding: Spinal Cord Stimulators for Chronic Pain,A,2025-10-16 00:00:00,
57804,,6,Billing and Coding: Scanning Computerized Ophthalmic Diagnostic Imaging (SCODI),A,2025-10-01 00:00:00,
57811,,5,Response to Comments: Repetitive Transcranial Magnetic Stimulation (rTMS) in Adults with Treatment Resistant Major Depressive Disorder,A,,
57813,,6,Billing and Coding: Repetitive Transcranial Magnetic Stimulation (rTMS) in Adults,A,2022-03-13 00:00:00,
57818,,5,Response to Comments: Percutaneous Vertebral Augmentation (PVA) for Osteoporotic Vertebral Compression Fracture (VCF),A,,
57820,,5,Response to Comments: Percutaneous Vertebral Augmentation (PVA) for Osteoporotic Vertebral Compression Fracture (VCF),A,,
57826,,6,Billing and Coding: Facet Joint Interventions for Pain Management,A,2026-04-01 00:00:00,
57830,,5,Response to Comments: MolDX: Next-Generation Sequencing for Solid Tumors,A,,
57831,,6,Billing and Coding: MolDX: Next-Generation Sequencing for Solid Tumors,A,2026-06-04 00:00:00,
57836,,5,Response to Comments: MolDX: Next Generation Sequencing Lab-Developed Tests for Myeloid Malignancies and Suspected Myeloid Malignancies,A,,
57837,,6,Billing and Coding: MolDX: Next-Generation Sequencing Lab-Developed Tests for Myeloid Malignancies and Suspected Myeloid Malignancies,A,2026-05-14 00:00:00,
57839,,6,Billing and Coding: Magnetic-Resonance-Guided Focused Ultrasound Surgery (MRgFUS) for Essential Tremor,A,2025-02-21 00:00:00,
57842,,6,Billing and Coding: MolDX: Short Tandem Repeat (STR) Markers and Chimerism (CPT® codes 81265-81268),A,2026-02-19 00:00:00,
57844,,5,Response to Comments:  Erythropoiesis Stimulating Agents (ESAs) (L34633),A,,
57846,,5,Response to Comments: DL37228 Wound Care,A,,
57848,,6,Billing and Coding: Tomosynthesis-Guided Breast Biopsy,A,2025-10-02 00:00:00,
57851,,6,Billing and Coding: MolDX: HLA Testing for Transplant Histocompatibility,A,2023-09-28 00:00:00,
57858,,6,Billing and Coding: MolDX: Next-Generation Sequencing for Solid Tumors,A,2026-06-04 00:00:00,
57861,,5,Response to Comments: Next-Generation Sequencing for Solid Tumor (DL38158),A,,
57863,,6,Billing and Coding: Micro-Invasive Glaucoma Surgery (MIGS),A,2026-06-01 00:00:00,
57866,,5,Response to Comments: MolDX: Plasma-Based Genomic Profiling in Solid Tumors,A,,
57867,,6,Billing and Coding: MolDX: Plasma-Based Genomic Profiling in Solid Tumors,A,2025-07-01 00:00:00,
57868,,6,Billing and Coding: MolDX: Pigmented Lesion Assay,A,2021-12-23 00:00:00,
57869,,5,Response to Comments: MolDX: Pigmented Lesion Assay,A,,
57870,,6,Billing and Coding: MolDX: Next-Generation Sequencing for Solid Tumors,A,2026-06-04 00:00:00,
57872,,6,Billing and Coding: Percutaneous Vertebral Augmentation (PVA) for Vertebral Compression Fracture (VCF),A,2020-07-12 00:00:00,
57873,,6,Billing and Coding: MolDX: Next-Generation Sequencing Lab-Developed Tests for Myeloid Malignancies and Suspected Myeloid Malignancies,A,2026-05-14 00:00:00,
57876,,5,Response to Comments: MolDX: Next-Generation Sequencing for Solid Tumors,A,,
57877,,5,Response to Comments: MolDX: Next Generation Sequencing Lab-Developed Tests for Myeloid Malignancies and Suspected Myeloid Malignancies,A,,
57878,,6,Billing and Coding: MolDX: Next-Generation Sequencing Lab-Developed Tests for Myeloid Malignancies and Suspected Myeloid Malignancies,A,2026-05-14 00:00:00,
57879,,5,Response to Comments: MolDX: Next-Generation Sequencing Lab-Developed Tests for Myeloid Malignancies and Suspected Myeloid Malignancies (DL38176),A,,
57880,,6,Billing and Coding: MolDX: Testing of Multiple Genes,A,2023-12-28 00:00:00,
57884,,6,Billing and Coding: Magnetic-Resonance-Guided Focused Ultrasound Surgery (MRgFUS) for Essential Tremor,A,2025-02-21 00:00:00,
57889,,1,Chiropractic Services – Medical Policy Article,A,2026-04-01 00:00:00,
57890,,5,Response to Comments: Select Minimally Invasive (GERD) Procedures,A,,
57891,,6,Billing and Coding: MolDX: Next-Generation Sequencing Lab-Developed Tests for Myeloid Malignancies and Suspected Myeloid Malignancies,A,2026-05-14 00:00:00,
57893,,5,Response to Comments: Micro-Invasive Glaucoma Surgery (MIGS),A,,
57894,,5,Response to Comments: MolDX: Next Generation Sequencing Lab-Developed Tests for Myeloid Malignancies and Suspected Myeloid Malignancies,A,,
57901,,6,Billing and Coding: MolDX: Next-Generation Sequencing for Solid Tumors,A,2026-06-04 00:00:00,
57904,,5,Response to Comments: MolDX: Next-Generation Sequencing for Solid Tumors,A,,
57906,,5,Response to Comments: MolDX: Next-Generation Sequencing for Solid Tumors,A,,
57907,,5,Response to Comments: Micro-Invasive Glaucoma Surgery (MIGS),A,,
57908,,5,Response to Comments: Micro-Invasive Glaucoma Surgery (MIGS),A,,
57909,,5,Response to Comments: MolDX: Next Generation Sequencing Lab-Developed Tests for Myeloid Malignancies and Suspected Myeloid Malignancies,A,,
57910,,6,Billing and Coding: MolDX: Testing of Multiple Genes,A,2026-09-17 00:00:00,
57913,,6,Billing and Coding: Chiropractor Services,A,2025-09-25 00:00:00,
57915,,6,Billing and Coding: MolDX: Pigmented Lesion Assay,A,2025-05-22 00:00:00,
57916,,5,Response to Comments: MolDX: Pigmented Lesion Assay,A,,
57917,,6,Billing and Coding: MolDX: Plasma-Based Genomic Profiling in Solid Tumors,A,2025-07-01 00:00:00,
57918,,5,Response to Comments: MolDX: Plasma-Based Genomic Profiling in Solid Tumors,A,,
57921,,5,Response to Comments: Stereotactic Radiation Therapy: Stereotactic Radiosurgery (SRS) and Stereotactic Body Radiation Therapy (SBRT),A,,
57922,,5,Response to Comments: Fluid Jet System in the Treatment of Benign Prostatic Hyperplasia (BPH),A,,
57926,,6,Billing and Coding: Fluid Jet System in the Treatment of Benign Prostatic Hyperplasia (BPH),A,2026-04-02 00:00:00,
57928,,5,Response to Comments: Hypoglossal Nerve Stimulation for the Treatment of Obstructive Sleep Apnea,A,,
57929,,5,Response to Comments: Immune Thrombocytopenia (ITP) Therapy,A,,
57930,,5,Response to Comments: Hypoglossal Nerve Stimulation for the Treatment of Obstructive Sleep Apnea,A,,
57935,,5,Response to Comments: MolDX: Plasma-Based Genomic Profiling in Solid Tumors (L38168),A,,
57936,,6,Billing and Coding: MolDX: Plasma-Based Genomic Profiling in Solid Tumors,A,2025-07-01 00:00:00,
57938,,5,Response to Comments: Hypoglossal Nerve Stimulation for the Treatment of Obstructive Sleep Apnea,A,,
57944,,6,Billing and Coding: Hypoglossal Nerve Stimulation for Treatment of Obstructive Sleep Apnea,A,2026-05-07 00:00:00,
57947,,5,Response to Comments: Hypoglossal Nerve Stimulation for the Treatment of Obstructive Sleep Apnea,A,,
57948,,6,Billing and Coding: Hypoglossal Nerve Stimulation for the Treatment of Obstructive Sleep Apnea,A,2026-01-01 00:00:00,
57954,,6,Billing and Coding: Routine Foot Care,A,2025-11-06 00:00:00,
57959,,5,Response to Comments: Hypoglossal Nerve Stimulation for the Treatment of Obstructive Sleep Apnea,A,,
57967,,5,Response to Comments: Hypoglossal Nerve Stimulation for Treatment of Obstructive Sleep Apnea,A,,
57970,,6,Billing and Coding: MolDX: HLA Testing for Transplant Histocompatibility,A,2026-02-19 00:00:00,
57979,,5,Response to Comments: MolDX: Pigmented Lesion Assay,A,,
57983,,6,Billing and Coding: MolDX: Pigmented Lesion Assay,A,2023-12-28 00:00:00,
58000,,6,Billing and Coding: Transanal Endoscopic Surgery (TES),A,,
58008,,6,Billing and Coding: Transurethral Waterjet Ablation of the Prostate,A,2026-01-01 00:00:00,
58016,,5,Response to Comments: MolDX: Repeat Germline Testing,A,,
58017,,6,Billing and Coding: MolDX: Repeat Germline Testing,A,2026-07-01 00:00:00,
58021,,6,Billing and Coding: MolDX: Phenotypic Biomarker Detection from Circulating Tumor Cells,A,2022-06-02 00:00:00,
58028,,6,Billing and Coding: MolDX: Prognostic and Predictive Molecular Classifiers for Bladder Cancer,A,2024-01-01 00:00:00,
58030,,5,Response to Comments: MolDX: Predictive Classifiers for Early Stage Non-Small Cell Lung Cancer,A,,
58031,,6,Billing and Coding: MolDX: Predictive Classifiers for Early Stage Non-Small Cell Lung Cancer,A,2022-02-24 00:00:00,
58035,,5,Response to Comments: Nebulizers - DL33370,A,,
58038,,6,Billing and Coding: MolDX: Predictive Classifiers for Early Stage Non-Small Cell Lung Cancer,A,2023-11-16 00:00:00,
58039,,5,Response to Comments: MolDX: Predictive Classifiers for Early Stage Non-Small Cell Lung Cancer,A,,
58040,,5,Response to Comments: MolDX: Repeat Germline Testing,A,,
58049,,5,Response to Comments: Magnetic-Resonance-Guided-Focused Ultrasound Surgery (MRgFUS) for Essential Tremor,A,,
58052,,6,Billing and Coding: MolDX: Pigmented Lesion Assay,A,2026-02-05 00:00:00,
58061,,6,Billing and Coding: MolDX: Molecular Testing for Solid Organ Allograft Rejection,A,2025-07-03 00:00:00,
58063,,6,Billing and Coding: MolDX: Phenotypic Biomarker Detection from Circulating Tumor Cells,A,2023-11-16 00:00:00,
58065,,6,Billing and Coding: MolDX: Prognostic and Predictive Molecular Classifiers for Bladder Cancer,A,2024-01-01 00:00:00,
58070,,5,Response to Comments: Hypoglossal Nerve Stimulation for Obstructive Sleep Apnea,A,,
58071,,5,Response to Comments: External Infusion Pumps – DL33794,A,,
58072,,5,Response to Comments: MolDX Pigmented Lesion Assay,A,,
58073,,5,Response to Comments: MolDX Pigmented Lesion Assay,A,,
58075,,6,Billing and Coding: Hypoglossal Nerve Stimulation for Obstructive Sleep Apnea,A,2026-10-01 00:00:00,
58095,,6,Billing and Coding: Non-Invasive Fractional Flow Reserve (FFR) for Ischemic Heart Disease,A,2026-03-05 00:00:00,
58100,,5,Response to Comments: Prostate Rectal Spacers,A,,
58110,,6,Billing and Coding: Implantable Continuous Glucose Monitors (I-CGM),A,2026-09-10 00:00:00,
58112,,5,Response to Comments: Multimarker Serum Tests Related to Ovarian Cancer Testing,A,,
58113,,1,Off-Label Use of Drugs and Biologicals for Anti-Cancer Chemotherapeutic Regimen,A,2023-11-16 00:00:00,
58116,,6,Billing and Coding: Implantable Continuous Glucose Monitors (I-CGM),A,2026-09-10 00:00:00,
58117,,5,Response to Comments: MolDX: Predictive Classifiers for Early Stage Non-small Cell Lung Cancer (L38443),A,,
58118,,5,Response to Comments: MolDX: Repeat Germline Testing (L38429),A,,
58119,,5,Response to Comments: Hypoglossal Nerve Stimulation for Treatment of Obstructive Sleep Apnea (DL38528).,A,,
58120,,6,Billing and Coding: MolDX: Testing of Multiple Genes,A,2026-09-17 00:00:00,
58127,,6,Billing and Coding: Implantable Continuous Glucose Monitors (I-CGM),A,2026-09-10 00:00:00,
58133,,6,Billing and Coding: Implantable Continuous Glucose Monitors (I-CGM),A,2026-09-10 00:00:00,
58136,,6,Billing and Coding: Implantable Continuous Glucose Monitors (I-CGM),A,2026-09-10 00:00:00,
58145,,5,Response to Comments: Transcranial Magnetic Stimulation,A,,
58152,,6,Billing and Coding: Computed Tomography Cerebral Perfusion Analysis (CTP),A,2026-04-01 00:00:00,
58157,,5,Response to Comments: MolDX: Pharmacogenomics Testing,A,,
58176,,5,Response to Comments: MolDX: Repeat Germline Testing,A,,
58177,,5,Response to Comments: MolDX: Repeat Germline Testing,A,,
58178,,5,Response to Comments: MolDX: Pharmacogenomics Testing,A,,
58181,,6,Billing and Coding: MolDX: Prognostic and Predictive Molecular Classifiers for Bladder Cancer,A,2026-02-05 00:00:00,
58183,,6,Billing and Coding: MolDX: Phenotypic Biomarker Detection from Circulating Tumor Cells,A,2026-02-05 00:00:00,
58198,,5,Response to Comments: MolDX Pharmacogenomics Testing (DL38435),A,,
58205,,6,Billing and Coding: MolDX: Phenotypic Biomarker Detection from Circulating Tumor Cells,A,2026-05-28 00:00:00,
58209,,6,Billing and Coding: Transurethral Waterjet Ablation of the Prostate,A,2026-01-01 00:00:00,
58211,,6,Billing and Coding: MolDX: Prognostic and Predictive Molecular Classifiers for Bladder Cancer,A,2024-01-01 00:00:00,
58213,,6,Billing and Coding: Implantable Continuous Glucose Monitors (I-CGM),A,2026-09-10 00:00:00,
58218,,6,Billing and Coding: Computed Tomography Cerebral Perfusion Analysis (CTP),A,2026-01-01 00:00:00,
58220,,5,Response to Comments: Magnetic-Resonance-Guided Focused Ultrasound Surgery (MRgFUS) for Essential Tremor,A,,
58223,,6,Billing and Coding: Computed Tomography Cerebral Perfusion Analysis (CTP),A,2026-01-01 00:00:00,
58227,,6,Billing and Coding: Transurethral Waterjet Ablation of the Prostate,A,2026-03-05 00:00:00,
58231,,5,Response to Comments: Urological Supplies (DL33803),A,,
58237,,5,Response to Comments: MolDX: Pharmacogenomics Testing,A,,
58238,,5,Response to Comments: MolDX: Pharmacogenomics Testing,A,,
58243,,6,Billing and Coding: Transurethral Waterjet Ablation of the Prostate,A,2026-01-01 00:00:00,
58247,,5,Response to Comments: Oxygen and Oxygen Equipment - DL33797,A,,
58250,,6,Billing and Coding: Treatment of Chronic Venous Insufficiency of the Lower Extremities,A,2026-01-01 00:00:00,
58264,,6,Billing and Coding: Transurethral Waterjet Ablation of the Prostate,A,2026-01-01 00:00:00,
58270,,5,Response to Comments: Vitamin D Assay Testing,A,,
58271,,5,Response to Comments: MolDX: Predictive Classifiers for Early Stage Non-Small Cell Lung Cancer,A,,
58272,,5,Response to Comments: MolDX: Predictive Classifiers for Early Stage Non-Small Cell Lung Cancer,A,,
58275,,6,Billing and Coding: Percutaneous Vertebral Augmentation (PVA) for Vertebral Compression Fracture (VCF),A,2022-08-21 00:00:00,
58277,,6,Billing and Coding: Implantable Continuous Glucose Monitors (I-CGM),A,2026-09-10 00:00:00,
58282,,6,Billing and Coding: Platelet Rich Plasma,A,2026-08-01 00:00:00,
58287,,6,Billing and Coding: Peroral Endoscopic Myotomy (POEM),A,2022-01-01 00:00:00,
58288,,5,Response to Comments: External Infusion Pumps – DL33794,A,,
58289,,5,Response to Comments: Intravenous Immunoglobulin (IVIG),A,,
58294,,6,Billing and Coding: Colon Capsule Endoscopy (CCE),A,2026-04-01 00:00:00,
58300,,5,Response to Comments: Transanal Endoscopic Surgery (TES),A,,
58306,,5,Response to Comments: MolDX: Blood Product Molecular Antigen Typing,A,,
58308,,6,Billing and Coding: MolDX: Blood Product Molecular Antigen Typing,A,2024-10-01 00:00:00,
58318,,6,Billing and Coding: MolDX: Pharmacogenomics Testing,A,2026-07-01 00:00:00,
58321,,6,Billing and Coding: Colon Capsule Endoscopy (CCE),A,2022-01-01 00:00:00,
58324,,6,Billing and Coding: MolDX: Pharmacogenomics Testing,A,2025-11-13 00:00:00,
58327,,5,Response to Comments: Computed Tomography Cerebral Perfusion Analysis (CTP),A,,
58338,,5,Response to Comments: Water Vapor Thermal Therapy for LUTS/BPH,A,,
58340,,5,Response to Comments: Implantable Continuous Glucose Monitors (I-CGM),A,,
58342,,5,Response to Comments: Implantable Continuous Glucose Monitors (I-CGM),A,,
58343,,6,Billing and Coding: MolDX: Prostate Cancer Genomic Classifier Assay for Men with Localized Disease,A,2022-02-03 00:00:00,
58344,,5,Response to Comments: MolDX: Prostate Cancer Genomic Classifier Assay for Men with Localized Disease,A,,
58350,,6,Billing and Coding: Facet Joint Interventions for Pain Management,A,2026-09-17 00:00:00,
58354,,6,Billing and Coding: Computed Tomography Cerebral Perfusion Analysis (CTP),A,2026-01-01 00:00:00,
58359,,6,Billing and Coding: Non-Invasive Fractional Flow Reserve (FFR) for Ischemic Heart Disease,A,2026-09-03 00:00:00,
58362,,6,Billing and Coding: Colon Capsule Endoscopy,A,2023-11-16 00:00:00,
58364,,6,Billing and Coding: Facet Joint Interventions for Pain Management,A,2026-09-17 00:00:00,
58367,,6,Billing and Coding: Extracorporeal Shock Wave Therapy (ESWT),A,2022-01-01 00:00:00,
58368,,5,Response to Comments: MolDX: Prostate Cancer Genomic Classifier Assay for Men with Localized Disease,A,,
58371,,6,Billing and Coding: MolDX: Prostate Cancer Genomic Classifier Assay for Men with Localized Disease,A,2023-12-21 00:00:00,
58376,,6,Billing and Coding: MolDX: Minimal Residual Disease Testing for Solid Tumor Cancers,A,2026-08-06 00:00:00,
58378,,5,Response to Comments: Treatment of Chronic Venous Insufficiency of the Lower Extremities,A,,
58382,,5,Response to Comments: Implantable Continuous Glucose Monitors (I-CGM),A,,
58392,,6,Billing and Coding: Dexamethasone Intracanalicular Ophthalmic Insert (Dextenza®),A,2025-01-01 00:00:00,
58395,,6,Billing and Coding: MolDX: Pharmacogenomics Testing,A,2026-07-01 00:00:00,
58396,,5,Response to Comments: Implantable Continuous Glucose Monitors (I-CGM) DL38686,A,,
58398,,5,Response to Comments: Computed Tomography Cerebral Perfusion Analysis (CTP),A,,
58399,,5,Response to Comments: Implantable Continuous Glucose Monitors (I-CGM),A,,
58403,,6,Billing and Coding: Facet Joint Interventions for Pain Management,A,2026-09-17 00:00:00,
58406,,6,Billing and Coding: Non-Invasive Fractional Flow Reserve (FFR) for Ischemic Heart Disease,A,2026-01-01 00:00:00,
58408,,5,Response to Comments: DL38664 Implantable Continuous Glucose Monitors (I-CGM),A,,
58410,,6,Billing and Coding: Colon Capsule Endoscopy (CCE),A,2022-01-01 00:00:00,
58414,,6,Billing and Coding: Colon Capsule Endoscopy (CCE),A,2022-01-01 00:00:00,
58416,,5,Response to Comments: MolDX: Minimal Residual Disease Testing for Colorectal Cancer,A,,
58417,,5,Response to Comments: MolDX: Melanoma Risk Stratification Molecular Testing,A,,
58423,,6,Billing and Coding: Botulinum Toxins,A,2025-11-09 00:00:00,
58426,,5,Response to Comments: Non-Invasive Fractional Flow Reserve (FFR) for Stable Ischemic Heart Disease,A,,
58428,,6,Billing and Coding: Diagnostic Colonoscopy,A,2026-02-04 00:00:00,
58431,,5,Response to Comments: MolDX: Blood Product Molecular Antigen Typing (L38441),A,,
58434,,6,Billing and Coding: MolDX: Minimal Residual Disease Testing for Solid Tumor Cancers,A,2026-03-12 00:00:00,
58436,,6,Billing and Coding: Colon Capsule Endoscopy (CCE),A,2025-09-11 00:00:00,
58445,,5,Response to Comments: Percutaneous Vertebral Augmentation (PVA) for Osteoporotic Vertebral Compression Fracture (VCF),A,,
58450,,5,Response to Comments: MolDX: Prostate Cancer Genomic Classifier Assay for Men with Localized Disease (DL38433),A,,
58451,,5,Response to Comments: Transurethral Waterjet Ablation of the Prostate,A,,
58452,,5,Response to Comments: MolDX: Blood Product Molecular Antigen Typing,A,,
58454,,6,Billing and Coding: MolDX: Minimal Residual Disease Testing for Solid Tumor Cancers,A,2026-08-06 00:00:00,
58462,,5,Response to Comments: Percutaneous Vertebral Augmentation (PVA) for Vertebral Compression Fracture (VCF),A,,
58463,,5,Response to Comments: Fluid Jet System in the Treatment of Benign Prostatic Hyperplasia (BPH),A,,
58465,,5,Response to Comments: Fluid Jet System in the Treatment of Benign Prostatic Hyperplasia (BPH),A,,
58468,,6,Billing and Coding: MolDX: Minimal Residual Disease Testing for Solid Tumor Cancers,A,2026-08-06 00:00:00,
58471,,6,Billing and Coding: Colon Capsule Endoscopy (CCE),A,2023-02-23 00:00:00,
58473,,6,Billing and Coding: Non-Invasive Fractional Flow Reserve (FFR) for Ischemic Heart Disease,A,2024-01-01 00:00:00,
58477,,6,Billing and Coding: Facet Joint Interventions for Pain Management,A,2026-09-17 00:00:00,
58480,,5,Response to Comments: MolDX: Melanoma Risk Stratification Molecular Testing,A,,
58503,,6,Billing and Coding: Echocardiography for Myocardial Perfusion,A,2023-10-01 00:00:00,
58505,,5,Response to Comments: MolDX: Blood Product Molecular Antigen Typing,A,,
58506,,5,Response to Comments: MolDX: Blood Product Molecular Antigen Typing,A,,
58507,,5,Response to Comments: MolDX: Melanoma Risk Stratification Molecular Testing,A,,
58508,,5,Response to Comments: MolDX: Melanoma Risk Stratification Molecular Testing,A,,
58509,,5,Response to Comments: MolDX: Prostate Cancer Genomic Classifier Assay for Men with Localized Disease,A,,
58511,,5,Response to Comments: MolDX: Prostate Cancer Genomic Classifier Assay for Men with Localized Disease,A,,
58512,,5,Response to Comments: Stretta Procedure,A,,
58514,,5,Response to Comments: MolDX: DecisionDX-Melanoma,A,,
58520,,5,Response to Comments: Computed Tomography Cerebral Perfusion Analysis (CTP),A,,
58521,,5,Response to Comments: Computed Tomography Cerebral Perfusion Analysis (CTP),A,,
58522,,5,Response to Comments: Transurethral Waterjet Ablation of the Prostate,A,,
58523,,5,Response to Comments: Transurethral Waterjet Ablation of the Prostate,A,,
58530,,5,Response to Comments: Treatment of Chronic Venous Insufficiency of the Lower Extremities,A,,
58531,,5,Response to Comments: Endovenous Stenting,A,,
58534,,5,Response to Comments: Percutaneous Vertebral Augmentation (PVA) for Osteoporotic Vertebral Compression Fracture (VCF),A,,
58535,,5,Response to Comments: Percutaneous Vertebral Augmentation (PVA) for Osteoporotic Vertebral Compression Fracture (VCF),A,,
58539,,5,Response to Comments: Transurethral Waterjet Ablation of the Prostate (L38682),A,,
58546,,5,Response to Comments: Magnetic Resonance Image Guided High Intensity Focused Ultrasound (MRgFUS) for Tremor,A,,
58547,,5,Response to Comments: Platelet Rich Plasma,A,,
58548,,5,Response to Comments: Dexamethasone Intracanalicular Ophthalmic Insert (Dextenza®),A,,
58549,,5,Response to Comments: Echocardiography for Myocardial Perfusion,A,,
58551,,5,Response to Comments: Computed Tomography Cerebral Perfusion Analysis (CTP),A,,
58557,,5,Response to Comments: Extracorporeal Shock Wave Therapy (ESWT),A,,
58559,,6,Billing and Coding: Independent Diagnostic Testing Facilities (IDTF),A,2026-08-06 00:00:00,
58561,,5,Response to Comments: Peroral Endoscopic Myotomy (POEM),A,,
58562,,5,Response to Comments: Controlled Substance Monitoring and Drugs of Abuse Testing,A,,
58563,,5,Response to Comments: Magnetic Resonance Guided Focused Ultrasound Surgery System (MRgFUS) for the treatment of neurologic condition,A,,
58565,,6,Billing and Coding: Wound and Ulcer Care,A,2026-08-13 00:00:00,
58568,,5,Response to Comments: Endoscopic Treatment of GERD (DL34659),A,,
58573,,6,Billing and Coding: Cosmetic and Reconstructive Surgery,A,2025-11-17 00:00:00,
58575,,6,Billing and Coding: Respiratory Pathogen Panel Testing,A,2026-01-01 00:00:00,
58577,,6,Billing and Coding: Respiratory Pathogen Panel Testing,A,2026-01-01 00:00:00,
58582,,6,Billing and Coding: Off-label Use of Rituximab and Rituximab Biosimilars,A,2026-09-03 00:00:00,
58587,,5,"Response to Comments: Blepharoplasty, Blepharoptosis Repair and Surgical Procedures of the Brow",A,,
58592,,6,Billing and Coding: Cataract Extraction (including Complex Cataract Surgery),A,2025-10-01 00:00:00,
58596,,5,Response to Comments: Colon Capsule Endoscopy (CCE),A,,
58598,,5,Response to Comments: Colon Capsule Endoscopy (CCE),A,,
58607,,5,Response to Comments: Facet Joint Interventions for Pain Management,A,,
58609,,6,Billing and Coding: Platelet Rich Plasma,A,2026-04-01 00:00:00,
58613,,5,Response to Comments: Facet Joint Interventions for Pain Management,A,,
58614,,5,Response to Comments: Select Minimally Invasive GERD Procedures,A,,
58618,,5,Response to Comments: Colon Capsule Endoscopy (CCE),A,,
58622,,5,Response to Comments: Implantable Continuous Glucose Monitors (I-CGM),A,,
58624,,5,Response to Comments: Colon Capsule Endoscopy (CCE) (DL38837),A,,
58628,,5,Response to Comments: Heavy Metal Testing,A,,
58629,,5,Response to Comments: MolDX: Breast Cancer Index® (BCI) Gene Expression Test,A,,
58630,,5,Response to Comments: Colon Capsule Endoscopy (CCE),A,,
58634,,5,Response to Comments: Non-Invasive Fractional Flow Reserve (FFR) for Stable Ischemic Heart Disease,A,,
58635,,5,Response to Comments: Non-Invasive Fractional Flow Reserve (FFR) for Stable Ischemic Heart Disease,A,,
58639,,5,Response to Comments: Facet Joint Interventions for Pain Management,A,,
58640,,5,Response to Comments: Facet Joint Interventions for Pain Management,A,,
58641,,6,Billing and Coding: IDTFs and Low Dose CT Scan for Lung Cancer Screening for CPT Code 71271,A,,
58647,,5,Response to Comments: MolDX: Breast Cancer Index® (BCI) Gene Expression Test,A,,
58649,,6,Billing and Coding: IUD (Hormone-Eluting) for Endometrial Hyperplasia - CPT 58999,A,2026-07-01 00:00:00,
58650,,1,MolDX: Algorithm definition as a component of a laboratory test,A,2021-04-22 00:00:00,
58652,,6,Billing and Coding: MolDX: Lab-Developed Tests for Inherited Cancer Syndromes in Patients with Cancer,A,2026-08-06 00:00:00,
58656,,6,Billing and Coding: Thyroid Nodule Molecular Testing,A,2026-04-01 00:00:00,
58657,,5,Response to Comments: Cardiology Non-emergent Outpatient Stress Testing,A,,
58658,,5,Response to Comments: Facet Joint Interventions for Pain Management,A,,
58664,,6,Billing and Coding: Advance Care Planning,A,2023-11-01 00:00:00,
58669,,5,Response to Comments: MolDX: Breast Cancer Index® (BCI) Gene Expression Test,A,,
58670,,5,Response to Comments: MolDX: Breast Cancer Index® (BCI) Gene Expression Test,A,,
58671,,5,Response to Comments: Non-Invasive Fractional Flow Reserve (FFR) for Stable Ischemic Heart Disease (L38839),A,,
58672,,5,Response to Comments: Facet Joint Interventions for Pain Management (DL38841),A,,
58673,,1,MolDX: Algorithm definition as a component of a laboratory test,A,2026-02-19 00:00:00,
58675,,5,Response to Comments: MolDX: Molecular Testing for Solid Organ Allograft Rejection,A,,
58676,,5,Response to Comments: MolDX: Breast Cancer Index® (BCI) Gene Expression Test,A,,
58677,,1,MolDX: Algorithm definition as a component of a laboratory test,A,2023-11-16 00:00:00,
58679,,6,Billing and Coding: MolDX: Lab-Developed Tests for Inherited Cancer Syndromes in Patients with Cancer,A,2026-08-13 00:00:00,
58685,,5,Response to Comments: Percutaneous Vertebral Augmentation (PVA) for Vertebral Compression Fracture (VCF),A,,
58686,,5,Response to Comments: Percutaneous Vertebral Augmentation (PVA) for Vertebral Compression Fracture (VCF),A,,
58687,,5,Response to Comments: MolDX: Molecular Testing for Solid Organ Allograft Rejection,A,,
58689,,1,MolDX: Algorithm definition as a component of a laboratory test,A,2023-09-28 00:00:00,
58693,,5,Response to Comments: Biomarker Testing (Prior to Initial Biopsy) for Prostate Cancer Diagnosis,A,,
58695,,6,Billing and Coding: Epidural Steroid Injections for Pain Management,A,2023-11-16 00:00:00,
58696,,5,Response to Comments: MolDX: EndoPredict Breast Cancer Gene Expression Test,A,,
58700,,6,Billing and Coding: MolDX: Molecular Biomarkers to Risk-Stratify Patients at Increased Risk for Prostate Cancer,A,2026-06-25 00:00:00,
58703,,5,Response to Comments: MolDX: Molecular Testing for Solid Organ Allograft Rejection,A,,
58706,,6,Billing and Coding: Electroretinography (ERG),A,2023-11-16 00:00:00,
58708,,5,Response to Comments: MolDX: EndoPredict Breast Cancer Gene Expression Test,A,,
58710,,6,Billing and Coding: MolDX: Molecular Syndromic Panels for Infectious Disease Pathogen Identification Testing,A,2026-08-06 00:00:00,
58713,,6,Billing and Coding: MolDX: Molecular Biomarkers to Risk-Stratify Patients at Increased Risk for Prostate Cancer,A,2026-06-25 00:00:00,
58718,,6,Billing and Coding: MolDX: Molecular Biomarkers to Risk-Stratify Patients at Increased Risk for Prostate Cancer,A,2026-06-25 00:00:00,
58720,,6,Billing and Coding: MolDX: Molecular Syndromic Panels for Infectious Disease Pathogen Identification Testing,A,2026-08-06 00:00:00,
58727,,5,Response to Comments: Off-label Use of Rituximab and Rituximab Biosimilars,A,,
58728,,5,Response to Comments: MolDX: Phenotypic Biomarker Detection from Circulating Tumor Cells,A,,
58729,,5,Response to Comments: MolDX: Prognostic and Predictive Molecular Classifiers for Bladder Cancer,A,,
58731,,6,Billing and Coding: Epidural Steroid Injections for Pain Management,A,2025-03-13 00:00:00,
58734,,6,Billing and Coding: MolDX: Lab-Developed Tests for Inherited Cancer Syndromes in Patients with Cancer,A,2026-08-06 00:00:00,
58735,,5,Response to Comments: MolDX: Prognostic and Predictive Molecular Classifiers for Bladder Cancer,A,,
58737,,6,Billing and Coding: Platelet Rich Plasma Injections for Non-Wound Injections,A,2023-11-22 00:00:00,
58741,,6,Billing and Coding: Respiratory Pathogen Panel Testing,A,2026-04-01 00:00:00,
58743,,5,Response to Comments: MolDX: Phenotypic Biomarker Detection from Circulating Tumor Cells,A,,
58745,,6,Billing and Coding: Epidural Steroid Injections for Pain Management,A,2026-04-01 00:00:00,
58747,,6,Billing and Coding: MolDX: Molecular Syndromic Panels for Infectious Disease Pathogen Identification Testing,A,2026-05-14 00:00:00,
58748,,5,Response to Comments: MolDX: Prognostic and Predictive Molecular Classifiers for Bladder Cancer,A,,
58749,,5,Response to Comments: MolDX: Prognostic and Predictive Molecular Classifiers for Bladder Cancer,A,,
58751,,5,Response to Comments: Allergy Testing,A,,
58752,,5,Response to Comments: MolDX: EndoPredict® Breast Cancer Gene Expression Test,A,,
58756,,6,Billing and Coding: MolDX: Lab-Developed Tests for Inherited Cancer Syndromes in Patients with Cancer,A,2026-08-06 00:00:00,
58759,,6,Billing and Coding: MolDX: Molecular Biomarkers to Risk-Stratify Patients at Increased Risk for Prostate Cancer,A,2026-06-25 00:00:00,
58761,,6,Billing and Coding: MolDX: Molecular Syndromic Panels for Infectious Disease Pathogen Identification Testing,A,2026-08-06 00:00:00,
58765,,5,Response to Comments: Cataract Extraction (including Complex Cataract Surgery),A,,
58769,,5,Response to Comments: Respiratory Pathogen Panel Testing,A,,
58770,,5,Response to Comments: Respiratory Pathogen Panel Testing,A,,
58772,,5,Response to Comments: Cosmetic and Reconstructive Surgery,A,,
58774,,6,Billing and Coding: Cosmetic and Reconstructive Surgery,A,2026-06-25 00:00:00,
58777,,6,Billing and Coding: Epidural Steroid Injections for Pain Management,A,2023-11-30 00:00:00,
58778,,5,Response to Comments: MolDX: Molecular Testing for Solid Organ Allograft Rejection,A,,
58780,,5,Response to Comments: MolDX: Molecular Testing for Solid Organ Allograft Rejection,A,,
58781,,5,Response to Comments: MolDX: Phenotypic Biomarker Detection from Circulating Tumor Cells,A,,
58782,,5,Response to Comments: MolDX: Phenotypic Biomarker Detection from Circulating Tumor Cells,A,,
58783,,5,Response to Comments: MolDX: EndoPredict Breast Cancer Gene Expression Test,A,,
58786,,5,Response to Comments: MolDX: EndoPredict® Breast Cancer Gene Expression Test,A,,
58788,,6,Billing and Coding: Platelet Rich Plasma Injections for Non-Wound Injections,A,2025-09-11 00:00:00,
58791,,5,Response to Comments: MolDX: Prognostic and Predictive Molecular Classifiers for Bladder Cancer DL38684,A,,
58792,,5,Response to Comments: MolDX: Phenotypic Biomarker Detection from Circulating Tumor Cells,A,,
58795,,6,Billing and Coding: Genetic Testing for Cardiovascular Disease,A,2025-01-01 00:00:00,
58797,,6,Billing and Coding: Genetic Testing for Cardiovascular Disease,A,2025-01-01 00:00:00,
58798,,5,Response to Comments: Glucose Monitors – DL33822,A,,
58801,,6,Billing and Coding: Pharmacogenomics Testing,A,2026-09-10 00:00:00,
58802,,5,Response to Comments: External Infusion Pumps - DL33794,A,,
58808,,6,Billing and Coding: Platelet Rich Plasma,A,2023-07-01 00:00:00,
58810,,6,Billing and Coding: Platelet Rich Plasma,A,2023-07-01 00:00:00,
58812,,6,Billing and Coding: Pharmacogenomics Testing,A,2026-09-10 00:00:00,
58814,,6,Billing and Coding: Non-Invasive Fractional Flow Reserve (FFR) for Ischemic Heart Disease,A,2026-04-01 00:00:00,
58817,,6,Billing and Coding: Influenza Diagnostic Tests,A,2023-11-16 00:00:00,
58819,,5,Response to Comments: Platelet Rich Plasma,A,,
58821,,6,Billing and Coding: Cardiac Resynchronization Therapy (CRT),A,2022-04-11 00:00:00,
58822,,5,Response to Comments: Respiratory Assist Devices - DL33800,A,,
58823,,5,Response to Comments: Oral Appliances for Obstructive Sleep Apnea – DL33611,A,,
58824,,5,Response to Comments: Positive Airway Pressure (PAP) Devices for the Treatment of Obstructive Sleep Apnea – DL33718,A,,
58828,,6,Billing and Coding: Treatment of Males with Low Testosterone,A,2026-10-01 00:00:00,
58833,,1,Enteral Nutrition - Policy Article,A,2023-10-01 00:00:00,
58835,,5,Response to Comments: Enteral Nutrition – DL38955,A,,
58836,,1,Parenteral Nutrition,A,2023-07-02 00:00:00,
58837,,5,Response to Comments: Parenteral Nutrition - DL38953,A,,
58853,,5,Response to Comments: Thyroid Nodule Molecular Testing,A,,
58855,,5,Response to Comments: Micro-Invasive Glaucoma Surgery (MIGS),A,,
58865,,6,"Billing and Coding: Amniotic and Placental-Derived Product Injections and/or Applications for Musculoskeletal Indications, Non-Wound",A,2025-10-23 00:00:00,
58872,,6,Billing and Coding: Tetanus Immunization,A,2025-10-01 00:00:00,
58873,,6,Billing and Coding: Tetanus Immunization,A,2025-10-01 00:00:00,
58876,,6,Billing and Coding: Treatment of Varicose Veins of the Lower Extremities,A,2026-01-01 00:00:00,
58883,,6,"Billing and Coding: Amniotic and Placental-Derived Product Injections and/or Applications for Musculoskeletal Indications, Non-Wound",A,2026-10-01 00:00:00,
58887,,5,Response to Comments: Micro-Invasive Glaucoma Surgery (MIGS),A,,
58889,,5,Response to Comments: Cardiac Computed Tomography (CCT) and Coronary Computed Tomography Angiography (CCTA),A,,
58890,,5,Response to Comments: Respiratory Pathogen Panel Testing,A,,
58893,,6,"Billing and Coding: Amniotic and Placental-Derived Product Injections and/or Applications for Musculoskeletal Indications, Non-Wound",A,2026-04-01 00:00:00,
58894,,5,Response to Comments: Platelet Rich Plasma Injections for Non-Wound Injections,A,,
58896,,5,Response to Comments: Cosmetic and Reconstructive Surgery (DL39051),A,,
58897,,5,Response to Comments: Percutaneous Vertebral Augmentation (PVA) for Osteoporotic Vertebral Compression Fracture (VCF),A,,
58899,,5,Response to Comments: Epidural Steroid Procedures Injections for Pain Management,A,,
58900,,5,Response to Comments: Advance Care Planning,A,,
58903,,5,Response to Comments: Wound and Ulcer Care,A,,
58904,,5,Response to Comments: Wound and Ulcer Care,A,,
58905,,5,Response to Comments: Epidural Steroid Injections for Pain Management,A,,
58906,,5,Response to Comments: Cardiac Resynchronization Therapy (CRT),A,,
58907,,5,Response to Comments: Botulinum Toxin Type A & Type B (DL34635),A,,
58912,,5,Response to Comments: Epidural Steroid Injections for Pain Management,A,,
58915,,5,Response to Comments: MolDX: Minimal Residual Disease Testing for Cancer,A,,
58916,,5,Response to Comments: MolDX: Minimal Residual Disease Testing for Cancer,A,,
58917,,6,Billing and Coding: Molecular Pathology and Genetic Testing,A,2026-07-01 00:00:00,
58918,,6,Billing and Coding: Molecular Pathology and Genetic Testing,A,2026-07-01 00:00:00,
58919,,5,Response to Comments: Epidural Steroid Injections for Pain Management (DL39054),A,,
58921,,6,Billing and Coding: Mass Spectrometry (MS) Testing in Monoclonal Gammopathy (MG),A,2026-04-01 00:00:00,
58922,,5,Response to Comments: Pharmacogenomics Testing,A,,
58923,,5,Response to Comments: Platelet Rich Plasma,A,,
58924,,5,Response to Comments: Platelet Rich Plasma,A,,
58928,,5,Response to Comments: Epidural Steroid Injections for Pain Management,A,,
58929,,5,Response to Comments: Pharmacogenomics Testing,A,,
58930,,5,Response to Comments: MolDX: Minimal Residual Disease Testing for Cancer (DL38835),A,,
58943,,5,Response to Comments: Electroretinography (ERG),A,,
58944,,5,Response to Comments: Colon Capsule Endoscopy (CCE),A,,
58947,,5,Response to Comments: Colon Capsule Endoscopy (CCE),A,,
58953,,5,Response to Comments: MolDX: Minimal Residual Disease Testing for Cancer,A,,
58954,,5,Response to Comments: MolDX: Minimal Residual Disease Testing for Cancer,A,,
58955,,5,Response to Comments: Genetic Testing for Cardiovascular Disease,A,,
58956,,5,Response to Comments: Genetic Testing for Cardiovascular Disease,A,,
58958,,5,Response to Comments: Treatment of Males with Low Testosterone,A,,
58959,,5,Response to Comments: Colon Capsule Endoscopy (CCE),A,,
58960,,5,Response to Comments: Surgical Treatment of Nails,A,,
58961,,5,Response to Comments: Surgical Treatment of Nails,A,,
58963,,6,Billing and Coding: Multiplex Gastrointestinal Pathogen Panel (GPP) Tests for Acute Gastroenteritis (AGE),A,2026-04-01 00:00:00,
58966,,5,Response to Comments: Platelet Rich Plasma Injections for Non-Wound Injections,A,,
58967,,5,Response to Comments: Platelet Rich Plasma Injections for Non-Wound Injections,A,,
58973,,6,Billing and Coding: MolDX: Plasma-Based Genomic Profiling in Solid Tumors,A,2026-02-05 00:00:00,
58977,,5,Response to Comments: Repetitive Transcranial Magnetic Stimulation (rTMS) in Adults,A,,
58982,,6,Billing and Coding: Erythropoiesis Stimulating Agents,A,2026-10-01 00:00:00,
58984,,5,Response to Comments: Genomic Sequence Analysis Panels in the Treatment of Solid Organ Neoplasms,A,,
58988,,6,Billing and Coding: MolDX: Minimal Residual Disease Testing for Hematologic Cancers,A,2025-04-24 00:00:00,
58991,,5,Response to Comments: Non-Invasive Fractional Flow Reserve (FFR) for Stable Ischemic Heart Disease,A,,
58993,,6,Billing and Coding: Epidural Steroid Injections for Pain Management,A,2025-09-11 00:00:00,
58996,,6,Billing and Coding: MolDX: Minimal Residual Disease Testing for Hematologic Cancers,A,2026-02-05 00:00:00,
58998,,6,Billing and Coding: MolDX: Minimal Residual Disease Testing for Hematologic Cancers,A,2025-04-24 00:00:00,
59001,,5,Response to Comments: Treatment of Varicose Veins of the Lower Extremities,A,,
59004,,6,Billing and Coding: MolDX: Minimal Residual Disease Testing for Hematologic Cancers,A,2025-04-24 00:00:00,
59005,,5,Response to Comments: MolDX: Molecular Syndromic Panels for Infectious Disease Pathogen Identification Testing,A,,
59006,,1,Off-Label Use of Chemotherapeutic Drugs and Biologicals for Non-Cancer Indications,A,2023-11-16 00:00:00,
59007,,5,Response to Comments: MolDX: Molecular Syndromic Panels for Infectious Disease Pathogen Identification Testing,A,,
59015,,6,"Billing and Coding: MolDX: Molecular Testing for Detection of Upper Gastrointestinal Metaplasia, Dysplasia, and Neoplasia",A,,
59017,,5,Response to Comments: MolDX: Molecular Syndromic Panels for Infectious Disease Pathogen Identification Testing,A,,
59018,,5,Response to Comments: MolDX: Molecular Syndromic Panels for Infectious Disease Pathogen Identification Testing,A,,
59020,,5,Response to Comments: MolDX: Molecular Syndromic Panels for Infectious Disease Pathogen Identification Testing,A,,
59028,,6,Billing and Coding: Surgical Treatment of Nails,A,2026-01-01 00:00:00,
59030,,6,Billing and Coding: Hyaluronic Acid Injections for Knee Osteoarthritis,A,2026-01-01 00:00:00,
59032,,6,"Billing and Coding: MolDX: Molecular Testing for Detection of Upper Gastrointestinal Metaplasia, Dysplasia, and Neoplasia",A,2026-01-22 00:00:00,
59036,,6,Billing and Coding: Cognitive Assessment and Care Plan Service,A,2026-01-15 00:00:00,
59040,,6,Billing and Coding: Bone Mass Measurement,A,2025-01-01 00:00:00,
59042,,6,Billing and Coding: Allogeneic Hematopoietic Cell Transplantation for Primary Refractory or Relapsed Hodgkin's and Non-Hodgkin's Lymphoma with B-cell or T-cell Origin,A,2024-10-01 00:00:00,
59049,,6,Billing and Coding: NCD Coding Article for Positron Emission Tomography (PET) Scans Used for Non-Oncologic Conditions,A,2023-10-13 00:00:00,
59051,,6,"Billing and Coding: MolDX: Molecular Testing for Detection of Upper Gastrointestinal Metaplasia, Dysplasia, and Neoplasia",A,2025-02-13 00:00:00,
59058,,5,Response to Comments: MolDX: Lab-Developed Tests for Inherited Cancer Syndromes in Patients with Cancer,A,,
59060,,1,Sterilization,A,2026-04-01 00:00:00,
59063,,5,Response to Comments: MolDX: Lab-Developed Tests for Inherited Cancer Syndromes in Patients with Cancer,A,,
59066,,6,Billing and Coding: Prostate Cancer Detection with IsoPSA™,A,2025-11-06 00:00:00,
59069,,5,Response to Comments: MolDX: Molecular Biomarkers to Risk-Stratify Patients at Increased Risk for Prostate Cancer,A,,
59070,,5,Response to Comments: MolDX: Melanoma Risk Stratification Molecular Testing,A,,
59078,,5,Response to Comments: Mass Spectrometry (MS) Testing in Monoclonal Gammopathy (MG),A,,
59079,,5,Response to Comments: Epidural Steroid Procedures Injections for Pain Management,A,,
59084,,5,Response to Comments: MolDX: Melanoma Risk Stratification Molecular Testing,A,,
59085,,5,Response to Comments: Nebulizers – DL33370,A,,
59088,,5,Response to Comments: Multiplex Gastrointestinal Pathogen Panel (GPP) Tests for Acute Gastroenteritis (AGE),A,,
59090,,5,Response to Comments: Category III Codes-(DL35490),A,,
59101,,6,Billing and Coding: Off-label Use of Rituximab and Rituximab Biosimilars,A,2026-04-01 00:00:00,
59105,,6,Billing and Coding: Off-Label Use of Intravenous Immune Globulin (IVIG),A,2026-07-01 00:00:00,
59109,,6,Billing and Coding: MolDX: Molecular Assays for the Diagnosis of Cutaneous Melanoma,A,2023-08-06 00:00:00,
59112,,5,Response to Comments: MolDX: Molecular Biomarkers to Risk-Stratify Patients at Increased Risk for Prostate Cancer,A,,
59114,,5,Response to Comments: Erythropoiesis Stimulating Agents,A,,
59115,,5,Response to Comments: Epidural Steroid Procedures Injections for Pain Management,A,,
59116,,5,Response to Comments: MolDX: Lab-Developed Tests for Inherited Cancer Syndromes in Patients with Cancer (DL39040),A,,
59117,,5,Response to Comments: MolDX: Melanoma Risk Stratification Molecular Testing,A,,
59118,,5,Response to Comments: MolDX: Molecular Biomarkers to Risk-Stratify Patients at Increased Risk for Prostate Cancer,A,,
59121,,6,"Billing and Coding: MolDX: Molecular Testing for Detection of Upper Gastrointestinal Metaplasia, Dysplasia, and Neoplasia",A,,
59123,,6,Billing and Coding: Genetic Testing in Oncology: Specific Tests,A,2025-04-24 00:00:00,
59125,,6,Billing and Coding: Genetic Testing in Oncology: Specific Tests,A,2025-04-24 00:00:00,
59126,,1,Pegfilgrastim (Fulphila; Neulasta; Neulasta Onpro; Nyvepria; Udenyca; Ziextenzo) J2506,A,2024-03-14 00:00:00,
59127,,5,Response to Comments: Upper Gastrointestinal Endoscopy and Visualization,A,,
59130,,5,Response to Comments: MolDX: Lab-Developed Tests for Inherited Cancer Syndromes in Patients with Cancer,A,,
59131,,5,Response to Comments: MolDX: Lab-Developed Tests for Inherited Cancer Syndromes in Patients with Cancer,A,,
59132,,5,Response to Comments: Non-Invasive Fractional Flow Reserve (FFR) for Ischemic Heart Disease,A,,
59134,,5,Response to Comments: MolDX: Melanoma Risk Stratification Molecular Testing,A,,
59135,,5,Response to Comments: MolDX: Melanoma Risk Stratification Molecular Testing,A,,
59136,,5,Response to Comments: Non-Invasive Fractional Flow Reserve (FFR) for Stable Ischemic Heart Disease,A,,
59137,,5,Response to Comments: Hyaluronic Acid Injections for Knee Osteoarthritis,A,,
59138,,5,Response to Comments: Percutaneous Vertebral Augmentation (PVA) for Vertebral Compression Fracture (VCF),A,,
59139,,5,Response to Comments: Cognitive Assessment and Care Plan Service,A,,
59140,,5,Response to Comments: CT of the Abdomen and Pelvis,A,,
59142,,5,Response to Comments: MolDX: Molecular Biomarkers to Risk-Stratify Patients at Increased Risk for Prostate Cancer,A,,
59144,,5,Response to Comments: MolDX: Molecular Biomarkers to Risk-Stratify Patients at Increased Risk for Prostate Cancer,A,,
59148,,5,Response to Comments: Allogeneic Hematopoietic Cell Transplantation for Primary Refractory or Relapsed Hodgkin's and Non-Hodgkin's Lymphoma with B-cell or T-cell Origin,A,,
59151,,5,Response to Comments: Nerve Blockade for Treatment of Chronic Pain and Neuropathy,A,,
59154,,6,Billing and Coding: Sacroiliac Joint Injections and Procedures,A,2026-03-26 00:00:00,
59155,,5,Response to Comments: Nerve Blockade for Treatment of Chronic Pain and Neuropathy,A,,
59158,,6,Billing and Coding: Near-Infrared Spectroscopy in Wound and Flap Management,A,2024-01-01 00:00:00,
59160,,6,Billing and Coding: Luteinizing Hormone-Releasing Hormone (LHRH) Analogs,A,2025-10-01 00:00:00,
59161,,5,Response to Comments: Non-Invasive Fractional Flow Reserve (FFR) for Ischemic Heart Disease (DL38839),A,,
59163,,6,Billing and Coding: MolDX: Molecular Assays for the Diagnosis of Cutaneous Melanoma,A,2026-01-22 00:00:00,
59170,,6,Billing and Coding: Vitamin D Assay Testing,A,2023-10-01 00:00:00,
59175,,6,Billing and Coding: Allogeneic Hematopoietic Cell Transplantation for Primary Refractory or Relapsed Hodgkin's and Non-Hodgkin's Lymphoma with B-cell or T-cell Origin,A,2026-03-05 00:00:00,
59179,,6,Billing and Coding: MolDX: Molecular Assays for the Diagnosis of Cutaneous Melanoma,A,2026-01-22 00:00:00,
59184,,5,Response to Comments: Bone Mass Measurement,A,,
59186,,6,Billing and Coding: Magnesium,A,2026-10-01 00:00:00,
59192,,6,Billing and Coding: Sacroiliac Joint Injections and Procedures,A,2024-10-18 00:00:00,
59195,,5,Response to Comments: Gastrointestinal Pathogen (GIP) Panels Utilizing Multiplex Nucleic Acid Amplification Techniques (NAATs),A,,
59197,,5,Response to Comments: Gastrointestinal Pathogen (GIP) Panels Utilizing Multiplex Nucleic Acid Amplification Techniques (NAATs),A,,
59205,,6,Billing and Coding: Thermal Destruction of the Intraosseous Basivertebral Nerve (BVN) for Vertebrogenic Lower Back Pain,A,,
59211,,5,Response to Comments: Non-Invasive Fractional Flow Reserve (FFR) for Ischemic Heart Disease,A,,
59212,,5,Response to Comments: Non-Invasive Fractional Flow Reserve (FFR) for Ischemic Heart Disease,A,,
59213,,5,Response to Comments: Off-label Use of Rituximab and Rituximab Biosimilars,A,,
59215,,6,Billing and Coding: Allogeneic Hematopoietic Cell Transplantation for Primary Refractory or Relapsed Hodgkin's and Non-Hodgkin's Lymphoma with B-cell or T-cell Origin,A,2026-03-05 00:00:00,
59216,,5,"Response to Comments: Drugs and Biologicals, Coverage of, for Label and Off-Label Uses",A,,
59217,,1,Off-Label Use of Chemotherapeutic Drugs and Biologicals for Non-Cancer Indications,A,2026-04-01 00:00:00,
59218,,1,Off-Label Use of Drugs and Biologicals for Anti-Cancer Chemotherapeutic Regimen,A,2026-04-01 00:00:00,
59219,,5,Response to Comments: Pneumatic Compression Devices - DL33829,A,,
59220,,5,Response to Comments: Biomarker Testing for Prostate Cancer Diagnosis,A,,
59233,,6,Billing and Coding: Sacroiliac Joint Injections and Procedures,A,2026-04-01 00:00:00,
59237,,5,Response to Comments: Transcranial Magnetic Stimulation (TMS) (DL34641),A,,
59242,,5,Response to Comments: Prostate Cancer Detection with IsoPSA®,A,,
59244,,6,Billing and Coding: Sacroiliac Joint Injections and Procedures,A,2026-03-05 00:00:00,
59251,,5,Response to Comments: Off-Label Use of Intravenous Immune Globulin (IVIG),A,,
59253,,5,Response to Comments: Transcranial Magnetic Stimulation (TMS),A,,
59254,58211,6,Billing and Coding: MolDX: Prognostic and Predictive Molecular Classifiers for Bladder Cancer,P,,
59257,,6,Billing and Coding: Sacroiliac Joint Injections and Procedures,A,2024-12-26 00:00:00,
59259,,6,Billing and Coding: Allogeneic Hematopoietic Cell Transplantation for Primary Refractory or Relapsed Hodgkin's and Non-Hodgkin's Lymphoma with B-cell or T-cell Origin,A,2024-11-28 00:00:00,
59261,,6,Billing and Coding: MolDX: Molecular Assays for the Diagnosis of Cutaneous Melanoma,A,2025-09-25 00:00:00,
59268,,6,Billing and Coding: Ambulatory Electrocardiograph (AECG) Monitoring,A,2025-01-01 00:00:00,
59270,,6,Billing and Coding: Ambulatory Electrocardiograph (AECG) Monitoring,A,2025-01-01 00:00:00,
59275,,5,Response to Comments: Magnesium,A,,
59276,,5,Response to Comments: Vitamin D Assay Testing,A,,
59277,,5,"Response to Comments: Amniotic and Placental-Derived Product Injections and/or Applications for Musculoskeletal Indications, Non-Wound",A,,
59278,,5,Response to Comments: MolDX: Plasma-Based Genomic Profiling in Solid Tumors,A,,
59279,,5,Response to Comments: MolDX: Plasma-Based Genomic Profiling in Solid Tumors,A,,
59280,,5,Response to Comments: Transurethral Waterjet Ablation of the Prostate,A,,
59281,,5,Response to Comments: Near-Infrared Spectroscopy in Wound and Flap Management,A,,
59283,,5,Response to Comments: Immune Globulin,A,,
59284,,5,Response to Comments: White Cell Colony Stimulating Factors,A,,
59285,,5,Response to Comments: Immune Globulin,A,,
59287,,5,Response to Comments: Transtelephonic Spirometry,A,,
59288,,5,Response to Comments: Luteinizing Hormone-Releasing Hormone (LHRH) Analogs,A,,
59289,,5,Response to Comments: Allogeneic Hematopoietic Cell Transplantation (HCT) for Primary Refractory or Relapsed Hodgkin's and Non-Hodgkin's Lymphoma with B-cell or T-cell Origin,A,,
59295,,6,Billing and Coding: Special Histochemical Stains and Immunohistochemical Stains,A,,
59297,,5,Response to Comments: Thermal Destruction of the Intraosseous Basivertebral Nerve (BVN) for Vertebrogenic Lower Back Pain,A,,
59299,,6,Billing and Coding: Cosmetic and Reconstructive Surgery,A,2025-11-27 00:00:00,
59301,,5,Response to Comments: Sacroiliac Joint Injections and Procedures,A,,
59302,,5,Response to Comments: Pain Management,A,,
59303,,5,Response to Comments: Surgical Treatment of Nails,A,,
59306,,5,Response to Comments: Allogeneic Hematopoietic Cell Transplantation for Primary Refractory or Relapsed Hodgkin's and Non-Hodgkin's Lymphoma with B-cell or T-cell Origin (DL39477),A,,
59309,,5,Response to Comments: Sacroiliac Joint Injections and Procedures,A,,
59311,,6,Billing and Coding: Allogeneic Hematopoietic Cell Transplantation for Primary Refractory or Relapsed Hodgkin and Non-Hodgkin Lymphoma with B-cell or T-cell Origin,A,2026-04-01 00:00:00,
59318,,6,Billing and Coding: Positron Emission Tomography (PET) Scan for Inflammation and Infection,A,2026-01-22 00:00:00,
59319,,5,Response to Comments: Sacroiliac Joint Injections and Procedures,A,,
59323,,6,Billing and Coding: High Resolution Anoscopy,A,2024-12-12 00:00:00,
59325,,5,Response to Comments: Allogeneic Hematopoietic Cell Transplantation for Primary Refractory or Relapsed Hodgkin’s and Non-Hodgkin’s Lymphoma with B-Cell or T-Cell Origin,A,,
59326,,5,Response to Comments: Allogeneic Hematopoietic Cell Transplantation for Primary Refractory or Relapsed Hodgkin’s and Non-Hodgkin’s Lymphoma with B-Cell or T-Cell Origin,A,,
59327,,5,Response to Comments: Non-Invasive Fractional Flow Reserve (FFR) for Ischemic Heart Disease,A,,
59328,,5,Response to Comments: Transcranial Magnetic Stimulation,A,,
59329,,5,Response to Comments: Sacroiliac Joint Injections and Procedures (DL39475),A,,
59330,,5,Response to Comments: Glucose Monitors – DL33822,A,,
59332,,6,Billing and Coding: Sacral Nerve Stimulation for the Treatment of Urinary and Fecal Incontinence,A,2025-06-17 00:00:00,
59333,,5,Response to Comments: Sacroiliac Joint Injections and Procedures,A,,
59334,,5,Response to Comments: Sacroiliac Joint Injections and Procedures,A,,
59340,,5,Response to Comments: Water Vapor Thermal Therapy for LUTS/BPH,A,,
59343,,5,"Response to Comments: MolDX: Molecular Testing for Detection of Upper Gastrointestinal Metaplasia, Dysplasia, and Neoplasia",A,,
59344,,5,"Response to Comments: MolDX: Molecular Testing for Detection of Upper Gastrointestinal Metaplasia, Dysplasia, and Neoplasia",A,,
59350,,6,Billing and Coding: Radiation Therapies,A,2026-10-01 00:00:00,
59353,,5,"Response to Comments: MolDX: Molecular Testing for Detection of Upper Gastrointestinal Metaplasia, Dysplasia, and Neoplasia",A,,
59354,,5,"Response to Comments: MolDX: Molecular Testing for Detection of Upper Gastrointestinal Metaplasia, Dysplasia, and Neoplasia",A,,
59355,,5,Response to Comments: Positron Emission Tomography (PET) for Inflammation and Infection,A,,
59356,,5,Response to Comments: Cosmetic and Reconstructive Surgery,A,,
59357,,5,Response to Comments: Transthoracic Echocardiography (TTE),A,,
59360,,5,"Response to Comments: MolDX: Molecular Testing for Detection of Upper Gastrointestinal Metaplasia, Dysplasia, and Neoplasia",A,,
59366,,5,Response to Comments: Ambulatory Electrocardiograph (AECG) Monitoring,A,,
59367,,5,Response to Comments: Ambulatory Electrocardiograph (AECG) Monitoring,A,,
59369,,5,Response to Comments: Intraarticular Knee Injections of Hyaluronan,A,,
59371,,6,Billing and Coding: Scalp Cooling for the Prevention of Chemotherapy-Induced Alopecia,A,2026-01-01 00:00:00,
59374,,6,"Billing and Coding: Amniotic and Placental-Derived Product Injections and/or Applications for Musculoskeletal Indications, Non-Wound",A,2025-10-01 00:00:00,
59380,,6,Billing and Coding: MolDX: Molecular Biomarker Testing for Risk Stratification of Cutaneous Squamous Cell Carcinoma,A,,
59382,,6,Billing and Coding: MolDX: Molecular Biomarker Testing for Risk Stratification of Cutaneous Squamous Cell Carcinoma,A,,
59383,,5,Response to Comments: Molecular Pathology Procedures,A,,
59386,,6,Billing and Coding: MolDX: Molecular Biomarker Testing for Risk Stratification of Cutaneous Squamous Cell Carcinoma,A,2026-01-22 00:00:00,
59394,,5,Response to Comments: MolDX: Molecular Assays for the Diagnosis of Cutaneous Melanoma,A,,
59397,,5,Response to Comments: Enteral Nutrition - DL38955,A,,
59399,,5,Response to Comments: Parenteral Nutrition - DL38953,A,,
59402,,5,Response to Comments: Osteogenesis Stimulators - DL33796,A,,
59403,,5,Response to Comments: Seat Lift Mechanisms - DL33801,A,,
59408,,5,Response to Comments: MolDX: Prognostic and Predictive Molecular Classifiers for Bladder Cancer,A,,
59412,,5,Response to Comments: MolDX: Molecular Assays for the Diagnosis of Cutaneous Melanoma,A,,
59413,,5,Response to Comments: Cataract Surgery In Adults,A,,
59414,,5,Response to Comments: Cataract Surgery In Adults,A,,
59416,,6,Billing and Coding: Urine Drug Testing,A,2026-06-01 00:00:00,
59419,,5,Response to Comments: Magnetic Resonance Guided Focused Ultrasound Surgery (MRgFUS) for Essential Tremor and Tremor Dominant Parkinson's Disease,A,,
59420,,5,Response to Comments: Magnetic Resonance Guided Focused Ultrasound Surgery (MRgFUS) for Essential Tremor and Tremor Dominant Parkinson's Disease,A,,
59423,,6,Billing and Coding: Urinary Biomarkers for Chronic Pain Management,A,2026-01-22 00:00:00,
59429,,6,Billing and Coding: MolDX: Molecular Biomarker Testing for Risk Stratification of Cutaneous Squamous Cell Carcinoma,A,2026-04-20 00:00:00,
59434,,6,"Billing and Coding: Amniotic and Placental-Derived Product Injections and/or Applications for Musculoskeletal Indications, Non-Wound",A,2025-10-01 00:00:00,
59437,,5,Response to Comments: MolDX: Prognostic and Predictive Molecular Classifiers for Bladder Cancer,A,,
59440,,5,Response to Comments: MolDX: Molecular Assays for the Diagnosis of Cutaneous Melanoma,A,,
59441,,5,Response to Comments: MolDX: Molecular Assays for the Diagnosis of Cutaneous Melanoma,A,,
59443,,5,Response to Comments: Transcranial Magnetic Stimulation (TMS),A,,
59444,,5,Response to Comments: Transcranial Magnetic Stimulation (TMS),A,,
59449,,6,Billing and Coding: Dental Services,A,,
59451,,5,Response to Comments: Allogeneic Hematopoietic Cell Transplantation for Primary Refractory or Relapsed Hodgkin and Non-Hodgkin Lymphoma with B-cell or T-cell Origin,A,,
59452,,5,Response to Comments: MolDX: Prognostic and Predictive Molecular Classifiers for Bladder Cancer,A,,
59453,,5,Response to Comments: MolDX: Prognostic and Predictive Molecular Classifiers for Bladder Cancer,A,,
59455,,5,Response to Comments: MolDX: Molecular Assays for the Diagnosis of Cutaneous Melanoma,A,,
59456,,5,Response to Comments: MolDX: Prognostic and Predictive Molecular Classifiers for Bladder Cancer,A,,
59459,,5,Response to Comments: Urine Drug Testing,A,,
59460,,5,Response to Comments: Urine Drug Testing,A,,
59462,,6,Billing and Coding: MolDX: Gene Expression Profile Tests for Decision-Making in Castration Resistant and Metastatic Prostate Cancers,A,,
59466,,6,Billing and Coding: Intraosseous Basivertebral Nerve Ablation,A,2026-03-05 00:00:00,
59470,,6,Billing and Coding: MolDX: Molecular Testing for Risk Stratification of Thyroid Nodules,A,,
59472,,6,Billing and Coding: MolDX: Gene Expression Profile Tests for Decision-Making in Castration Resistant and Metastatic Prostate Cancers,A,,
59474,,6,Billing and Coding: MolDX: Molecular Testing for Risk Stratification of Thyroid Nodules,A,2025-05-22 00:00:00,
59476,,6,Billing and Coding: MolDX: Molecular Biomarkers for Risk Stratification of Indeterminate Pulmonary Nodules Following Bronchoscopy,A,,
59480,,6,Billing and Coding: Trigger Point Injections (TPI),A,2025-10-01 00:00:00,
59482,,6,Billing and Coding: MolDX: Molecular Biomarkers for Risk Stratification of Indeterminate Pulmonary Nodules Following Bronchoscopy,A,2025-06-19 00:00:00,
59483,,5,Response to Comments: MolDX: Molecular Biomarker Testing to Guide Targeted Therapy Selection in Rheumatoid Arthritis,A,,
59484,,6,Billing and Coding: MolDX: Molecular Biomarker Testing to Guide Targeted Therapy Selection in Rheumatoid Arthritis,A,2025-01-01 00:00:00,
59487,,6,Billing and Coding: Trigger Point Injections (TPI),A,2026-04-01 00:00:00,
59491,59125,6,Billing and Coding: Genetic Testing for Oncology,P,,
59496,,5,Response to Comments: Urine Drug Testing,A,,
59498,,6,Billing and Coding: Trigger Point Injections (TPI),A,2026-01-01 00:00:00,
59501,,5,Response to Comments: Urine Drug Testing,A,,
59503,,5,Response to Comments: Urinary Biomarkers for Chronic Pain Management,A,,
59505,,6,Billing and Coding: MolDX: Molecular Biomarkers for Risk Stratification of Indeterminate Pulmonary Nodules Following Bronchoscopy,A,2026-01-22 00:00:00,
59509,,6,Billing and Coding: MolDX: Molecular Testing for Risk Stratification of Thyroid Nodules,A,2026-02-05 00:00:00,
59513,,6,Billing and Coding: MolDX: Gene Expression Profile Tests for Decision-Making in Castration Resistant and Metastatic Prostate Cancers,A,2026-01-22 00:00:00,
59519,,5,Response to Comments: MolDX: Molecular Biomarker Testing to Guide Targeted Therapy Selection in Rheumatoid Arthritis,A,,
59520,,5,Response to Comments: Sacral Nerve Stimulation for the Treatment of Urinary and Fecal Incontinence,A,,
59521,,6,Billing and Coding: MolDX: Molecular Biomarker Testing to Guide Targeted Therapy Selection in Rheumatoid Arthritis,A,2026-01-22 00:00:00,
59523,,5,Response to Comments: MolDX: Molecular Biomarker Testing to Guide Targeted Therapy Selection in Rheumatoid Arthritis,A,,
59524,,5,Response to Comments: MolDX: Molecular Biomarker Testing to Guide Targeted Therapy Selection in Rheumatoid Arthritis,A,,
59527,,5,Response to Comments: Fluid Jet System in the Treatment of Benign Prostatic Hyperplasia (BPH),A,,
59529,,6,Billing and Coding: MolDX: Molecular Biomarker Testing to Guide Targeted Therapy Selection in Rheumatoid Arthritis,A,2025-08-07 00:00:00,
59531,,5,Response to Comments: Respiratory Care,A,,
59532,,5,Response to Comments: Respiratory Care,A,,
59533,,5,Response to Comments: Scalp Cooling for the Prevention of Chemotherapy-Induced Alopecia,A,,
59534,,5,Response to Comments: MolDX: Molecular Biomarker Testing to Guide Targeted Therapy Selection in Rheumatoid Arthritis,A,,
59535,,5,Response to Comments: Transurethral Waterjet Ablation of the Prostate DL38682,A,,
59536,,6,Billing and Coding: MolDX: Molecular Biomarker Testing to Guide Targeted Therapy Selection in Rheumatoid Arthritis,A,2025-01-01 00:00:00,
59541,,5,"Response to Comments: Amniotic and Placental Derived Product Injections and/or Applications for Musculoskeletal Indications, Non-Wound",A,,
59542,,5,"Response to Comments: Amniotic and Placental Derived Product Injections and/or Applications for Musculoskeletal Indications, Non-Wound",A,,
59547,,5,Response to Comments: Radiation Therapies,A,,
59549,,6,Billing and Coding: MolDX: Gene Expression Profile Tests for Decision-Making in Castration Resistant and Metastatic Prostate Cancers,A,2026-06-25 00:00:00,
59551,,6,Billing and Coding: MolDX: Molecular Biomarkers for Risk Stratification of Indeterminate Pulmonary Nodules Following Bronchoscopy,A,2026-06-25 00:00:00,
59553,,6,Billing and Coding: Trigger Point Injections,A,2026-01-01 00:00:00,
59560,,6,Billing and Coding: MolDX: Molecular Testing for Risk Stratification of Thyroid Nodules,A,2026-04-16 00:00:00,
59561,56907,6,Billing and Coding: Bisphosphonate Drug Therapy,P,,
59562,,5,Response to Comments: Urine Drug Testing (DL34645),A,,
59563,,5,"Response to Comments: Amniotic and Placental Derived Product Injections and/or Applications for Musculoskeletal Indications, Non-Wound – DL39624",A,,
59564,,5,"Response to Comments: Amniotic and Placental Derived Product Injections and/or Applications for Musculoskeletal Indications, Non-Wound",A,,
59566,,5,Response to Comments: Nerve Conduction Studies and Electromyography,A,,
59568,,5,Response to Comments: Nerve Conduction Studies and Electromyography,A,,
59574,,5,Response to Comments: Allergen Immunotherapy,A,,
59575,,5,Response to Comments: Allergen Immunotherapy,A,,
59578,,5,"Response to Comments: Amniotic and Placental Derived Product Injections and/or Applications for Musculoskeletal Indications, Non-Wound",A,,
59579,,5,Response to Comments: Surgical Treatment of Nails,A,,
59581,,5,Response to Comments: Urine Drug Testing,A,,
59595,,6,Billing and Coding: KidneyIntelX and KidneyIntelX.dkd Testing,A,2026-04-01 00:00:00,
59596,,5,Response to Comments: Transurethral Waterjet Ablation of the Prostate,A,,
59597,,5,Response to Comments: Transurethral Waterjet Ablation of the Prostate,A,,
59598,,5,Response to Comments: Intraosseous Basivertebral Nerve Ablation,A,,
59599,,5,Response to Comments: Intraosseous Basivertebral Nerve Ablation,A,,
59601,,5,Response to Comments: Peripheral Venous Ultrasound,A,,
59602,,5,Response to Comments: Peripheral Venous Ultrasound,A,,
59605,,5,Response to Comments: Fluid Jet System Treatment for LUTS/BPH,A,,
59608,,6,Billing and Coding: Cervical Fusion,A,2026-04-09 00:00:00,
59611,,5,Response to Comments: Implantable Continuous Glucose Monitors (I-CGM),A,,
59614,,5,Response to Comments: Implantable Continuous Glucose Monitors (I-CGM),A,,
59616,,5,Response to Comments: Implantable Continuous Glucose Monitors (I-CGM),A,,
59621,,5,Response to Comments: Cataract Extraction,A,,
59622,,5,Response to Comments: Bisphosphonate Drug Therapy (DL34648),A,,
59624,,6,Billing and Coding: Cervical Fusion,A,2026-04-09 00:00:00,
59632,,6,Billing and Coding: Cervical Fusion,A,2026-04-09 00:00:00,
59634,,6,Billing and Coding: Cervical Fusion,A,2026-04-09 00:00:00,
59635,,5,"Response to Comments: Homocysteine Level, Serum",A,,
59636,,6,Billing and Coding: MolDX: Proteomics Testing,A,2026-07-01 00:00:00,
59641,,6,Billing and Coding: MolDX: Proteomics Testing,A,2026-07-01 00:00:00,
59646,,6,Billing and Coding: MolDX: Proteomics Testing,A,2026-07-01 00:00:00,
59647,,5,Response to Comments: Trigger Point Injections (TPI),A,,
59648,,5,Response to Comments: Trigger Point Injections (TPI),A,,
59649,,6,Billing and Coding: MolDX: Proteomics Testing,A,2026-07-01 00:00:00,
59651,,5,Response to Comments: Trigger Point Injections (TPI),A,,
59652,,5,Response to Comments: Trigger Point Injections (TPI),A,,
59654,,6,Billing and Coding: Lower Esophageal Magnetic Sphincter Augmentation,A,,
59655,,5,Response to Comments: Pain Management,A,,
59656,,5,Response to Comments: Trigger Point Injections (TPI),A,,
59657,,6,Billing and Coding: Artificial Hearts and Percutaneous Endovascular Cardiac Assist Procedures and Devices,A,2025-09-25 00:00:00,
59659,,5,Response to Comments: Implantable Continuous Glucose Monitors (I-CGM),A,,
59661,,1,Pegfilgrastim (Fulphila; Neulasta; Neulasta Onpro; Nyvepria; Udenyca; Ziextenzo) J2506,A,2026-04-01 00:00:00,
59664,,6,Billing and Coding: Cervical Fusion,A,2026-04-09 00:00:00,
59668,,6,Billing and Coding: Cervical Fusion,A,2026-04-09 00:00:00,
59672,,6,Billing and Coding: Minimally Invasive Arthrodesis of the Sacroiliac Joint (SIJ),A,2026-01-01 00:00:00,
59674,,6,Billing and Coding: Cervical Fusion,A,2026-04-09 00:00:00,
59675,,5,Response to Comments: Trigger Point Injections (TPI) (DL39713),A,,
59678,,1,MolDX: Defining panel services in MolDX,A,,
59679,,5,Response to Comments: External Upper Limb Tremor Stimulator Therapy - DL39591,A,,
59680,,1,External Upper Limb Tremor Stimulator Therapy - Policy Article,A,,
59682,,6,Billing and Coding: Minimally Invasive Arthrodesis of the Sacroiliac Joint (SIJ),A,,
59685,,1,MolDX: Defining panel services in MolDX,A,2026-02-19 00:00:00,
59695,,6,Billing and Coding: Minimally Invasive Arthrodesis of the Sacroiliac Joint (SIJ),A,2026-01-01 00:00:00,
59698,,1,MolDX: Defining panel services in MolDX,A,,
59700,,1,MolDX: Defining panel services in MolDX,A,2026-02-26 00:00:00,
59703,,5,Response to Comments: Implantable Continuous Glucose Monitors (I-CGM),A,,
59704,,5,Response to Comments: Computed Tomography Cerebral Perfusion Analysis (CTP),A,,
59707,,6,Billing and Coding: Botulinum Toxin Injections,A,2026-04-09 00:00:00,
59713,59714,6,Billing and Coding: Botulinum Toxin Injections,P,,
59714,,6,Billing and Coding: Botulinum Toxin Injections,A,2026-04-09 00:00:00,
59716,,6,Billing and Coding: Artificial Intelligence Enabled CT Based Quantitative Coronary Topography (AI-QCT)/Coronary Plaque Analysis (AI-CPA),A,2026-01-01 00:00:00,
59718,,6,Billing and Coding: Opioid Treatment Programs,A,2026-01-01 00:00:00,
59721,,6,Billing and Coding: Artificial Intelligence Enabled CT Based Quantitative Coronary Topography (AI-QCT)/Coronary Plaque Analysis (AI-CPA),A,2026-01-01 00:00:00,
59723,,6,Billing and Coding: Outpatient Psychotherapy,A,2026-01-01 00:00:00,
59725,59726,6,Billing and Coding: Botulinum Toxins Injections,P,,
59726,,6,Billing and Coding: Botulinum Toxins Injections,A,2026-04-09 00:00:00,
59727,57185,6,Billing and Coding: Botulinum Toxin Injections,P,,
59728,57186,6,Billing and Coding: Botulinum Toxin Injections,P,,
59733,,6,Billing and Coding: Artificial Intelligence Enabled CT Based Quantitative Coronary Topography (AI-QCT)/Coronary Plaque Analysis (AI-CPA),A,2026-04-01 00:00:00,
59734,,5,Response to Comments: MolDX: Molecular Testing for Risk Stratification of Thyroid Nodules,A,,
59735,,5,Response to Comments: MolDX: Molecular Testing for Risk Stratification of Thyroid Nodules,A,,
59736,,5,Response to Comments: Cervical Fusion,A,,
59737,,5,Response to Comments: Facet Joint Interventions for Pain Management,A,,
59738,,5,Response to Comments: Cervical Fusion,A,,
59741,,1,MolDX: Clarification of Order Requirements for Laboratory and Molecular Diagnostic services,A,2024-05-23 00:00:00,
59743,,1,MolDX: Clarification of Order Requirements for Laboratory and Molecular Diagnostic services,A,2026-02-19 00:00:00,
59747,,5,Response to Comments: MolDX: Molecular Testing for Risk Stratification of Thyroid Nodules,A,,
59748,,5,Response to Comments: MolDX: Molecular Testing for Risk Stratification of Thyroid Nodules,A,,
59751,,5,Response to Comments: Facet Joint Interventions for Pain Management,A,,
59752,,6,Billing and Coding: Cryoneurolysis Instructions,A,2025-09-25 00:00:00,
59755,,5,Response to Comments: Lab: Special Histochemical Stains and Immunohistochemical Stains,A,,
59756,,5,"Response to Comments: Drugs and Biologicals, Coverage of, for Label and Off-Label Uses",A,,
59758,,5,Response to Comments: KidneyIntelX and KidneyIntelX.dkd Testing,A,,
59759,,5,Response to Comments: Lower Esophageal Magnetic Sphincter Augmentation,A,,
59764,,6,"Billing and Coding: Amniotic and Placental-Derived Product Injections and/or Applications for Musculoskeletal Indications, Non-Wound",A,2026-01-01 00:00:00,
59766,,6,"Billing and Coding: Amniotic and Placental-Derived Product Injections and/or Applications for Musculoskeletal Indications, Non-Wound",A,2026-01-01 00:00:00,
59767,,5,Response to Comments: Molecular Pathology Procedures,A,,
59769,,6,Billing and Coding: Artificial Intelligence Enabled CT Based Quantitative Coronary Topography (AI-QCT)/Coronary Plaque Analysis (AI-CPA),A,2026-01-01 00:00:00,
59772,,5,Response to Comments: Cervical Fusion,A,,
59773,,5,Response to Comments: Facet Joint Interventions for Pain Management,A,,
59791,,5,Response to Comments: Special Histochemical Stains and Immunohistochemical Stains,A,,
59792,,1,MolDX: Clarification of Order Requirements for Laboratory and Molecular Diagnostic services,A,2024-05-23 00:00:00,
59793,,5,Response to Comments: Facet Joint Interventions for Pain Management,A,,
59795,,5,Response to Comments: Facet Joint Interventions for Pain Management,A,,
59796,,5,Response to Comments: Cervical Fusion,A,,
59797,,5,Response to Comments: Cervical Fusion,A,,
59798,,1,MolDX: Clarification of Order Requirements for Laboratory and Molecular Diagnostic services,A,,
59799,,5,Response to Comments: Face Joint Interventions for Pain Management (DL38841),A,,
59800,,5,Response to Comments: Cervical Fusion (DL39788),A,,
59801,,5,Response to Comments: Lab: Special Histochemical Stains and Immunohistochemical Stains,A,,
59802,,5,Response to Comments: Cervical Fusion,A,,
59803,,5,Response to Comments: Cervical Fusion,A,,
59805,,6,Billing and Coding: Cataract Surgery,A,2026-07-30 00:00:00,
59807,,6,Billing and Coding: Micro-Invasive Glaucoma Surgery,A,2026-07-27 00:00:00,
59808,59809,6,Billing and Coding: Botulinum Toxin Injections,P,,
59809,,6,Billing and Coding: Botulinum Toxin Injections,A,2026-04-09 00:00:00,
59811,,6,Billing and Coding: Total Joint Arthroplasty,A,2026-08-27 00:00:00,
59813,,6,Billing and Coding: Artificial Intelligence Enabled CT Based Quantitative Coronary Topography (AI-QCT)/Coronary Plaque Analysis (AI-CPA),A,2026-01-01 00:00:00,
59814,,5,Response to Comments: Stretta Procedure,A,,
59815,,5,Response to Comments: MolDX: Molecular Biomarker Testing for Risk Stratification of Cutaneous Squamous Cell Carcinoma,A,,
59816,,5,Response to Comments: Facet Joint Interventions for Pain Management,A,,
59819,,6,Billing and Coding: Leadless Pacemakers,A,2025-09-25 00:00:00,
59822,,5,Response to Comments: MolDX: Molecular Biomarker Testing for Risk Stratification of Cutaneous Squamous Cell Carcinoma,A,,
59825,,5,Response to Comments: MolDX: Molecular Testing for Risk Stratification of Thyroid Nodules,A,,
59827,,6,Billing and Coding: MolDX: Non-Next Generation Sequencing Tests for the Diagnosis of BCR-ABL Negative Myeloproliferative Neoplasms,A,2025-11-20 00:00:00,
59829,,5,Response to Comments: Facet Joint Interventions for Pain Management,A,,
59830,,5,Response to Comments: MolDX: Molecular Biomarker Testing for Risk Stratification of Cutaneous Squamous Cell Carcinoma,A,,
59831,,5,Response to Comments: MolDX: Molecular Biomarker Testing for Risk Stratification of Cutaneous Squamous Cell Carcinoma,A,,
59832,,5,Response to Comments: Implantable Continuous Glucose Monitors (I-CGM),A,,
59833,,5,Response to Comments: Implantable Continuous Glucose Monitors (I-CGM),A,,
59835,,6,Billing and Coding: MolDX: Non-Next Generation Sequencing Tests for the Diagnosis of BCR-ABL Negative Myeloproliferative Neoplasms,A,2026-02-05 00:00:00,
59838,,5,Response to Comments: MolDX: Gene Expression Profile Tests for Decision-Making in Castration Resistant and Metastatic Prostate Cancers,A,,
59843,,5,Response to Comments: MolDX: Molecular Biomarkers for Risk Stratification of Indeterminate Pulmonary Nodules Following Bronchoscopy,A,,
59844,,5,Response to Comments: MolDX: Molecular Biomarker Testing for Risk Stratification of Cutaneous Squamous Cell Carcinoma,A,,
59847,,6,Billing and Coding: MolDX: Genetic Testing in Heritable Thoracic Aortic Disease,A,2025-09-25 00:00:00,
59849,,6,Billing and Coding: MolDX: Molecular Testing for Identification and Management of Hereditary Transthyretin Amyloidosis,A,2025-09-25 00:00:00,
59850,,5,Response to Comments: MolDX: Gene Expression Profile Tests for Decision-Making in Castration Resistant and Metastatic Prostate Cancers,A,,
59851,,5,Response to Comments: MolDX: Gene Expression Profile Tests for Decision-Making in Castration Resistant and Metastatic Prostate Cancers,A,,
59853,,5,Response to Comments: MolDX: Gene Expression Profile Tests for Decision-Making in Castration Resistant and Metastatic Prostate Cancers,A,,
59854,,5,Response to Comments: MolDX: Molecular Biomarkers for Risk Stratification of Indeterminate Pulmonary Nodules Following Bronchoscopy,A,,
59855,,5,Response to Comments: MolDX: Molecular Biomarkers for Risk Stratification of Indeterminate Pulmonary Nodules Following Bronchoscopy,A,,
59856,,5,Response to Comments: Genetic Testing in Oncology: Specific Tests,A,,
59857,,5,Response to Comments: Lower Limb Prostheses - DL33787,A,,
59858,,5,Response to Comments: MolDX: Molecular Biomarkers for Risk Stratification of Indeterminate Pulmonary Nodules Following Bronchoscopy,A,,
59860,,6,Billing and Coding: MolDX: Genetic Testing in Heritable Thoracic Aortic Disease,A,2025-08-17 00:00:00,
59862,,6,Billing and Coding: MolDX: Molecular Testing for Identification and Management of Hereditary Transthyretin Amyloidosis,A,2025-11-13 00:00:00,
59866,,6,Billing and Coding: Intervertebral Disc Repair,A,2025-04-13 00:00:00,
59868,,6,Billing and Coding: MolDX: Genetic Testing in Heritable Thoracic Aortic Disease,A,2026-01-22 00:00:00,
59872,,6,Billing and Coding: MolDX: Molecular Testing for Identification and Management of Hereditary Transthyretin Amyloidosis,A,2026-02-05 00:00:00,
59875,,5,Response to Comments: MolDX: Gene Expression Profile Tests for Decision-Making in Castration Resistant and Metastatic Prostate Cancers L39709,A,,
59876,,5,Response to Comments: MolDX: Molecular Biomarkers for Risk Stratification of Indeterminate Pulmonary Nodules Following Bronchoscopy,A,,
59878,,6,Billing and Coding: Total Shoulder Arthroplasty,A,2025-03-27 00:00:00,
59880,,6,Billing and Coding: Intervertebral Disc Repair,A,,
59882,,6,Billing and Coding: Intervertebral Disc Repair,A,2025-09-11 00:00:00,
59885,,5,Response to Comments: Opioid Treatment Programs,A,,
59886,,5,Response to Comments: Outpatient Psychotherapy,A,,
59892,,6,Billing and Coding: MolDX: Category B IDE Studies,A,,
59893,,5,"Response to Comments: Amniotic and Placental-Derived Product Injections and/or Applications for Musculoskeletal Indications, Non-Wound",A,,
59894,,5,"Response to Comments: Amniotic and Placental-Derived Product Injections and/or Applications for Musculoskeletal Indications, Non-Wound",A,,
59896,,5,Response to Comments: Micro-Invasive Glaucoma Surgery (MIGS),A,,
59897,,5,Response to Comments: Micro-Invasive Glaucoma Surgery (MIGS),A,,
59898,56793,6,Billing and Coding: Genomic Sequence Analysis Panels in the Treatment of Hematolymphoid Diseases,P,,
59900,,5,Response to Comments: Mass Spectrometry (MS) Testing in Monoclonal Gammopathy (MG),A,,
59902,,5,Response to Comments: Total Joint Arthroplasty (DL39911),A,,
59903,,5,Response to Comments: Cosmetic and Reconstructive Surgery DL39051,A,,
59904,,5,Response to Comments: Cataract Surgery (DL39905),A,,
59906,,6,Billing and Coding: MolDX: Molecular Testing for Identification and Management of Hereditary Transthyretin Amyloidosis,A,2025-09-25 00:00:00,
59908,,6,Billing and Coding: MolDX: Genetic Testing in Heritable Thoracic Aortic Disease,A,2025-09-25 00:00:00,
59909,,5,Response to Comments: Implantable Continuous Glucose Monitors (I-CGM),A,,
59910,,5,Response to Comments: Micro-Invasive Glaucoma Surgery (MIGS),A,,
59912,,5,Response to Comments: Micro-Invasive Glaucoma Surgery (MIGS),A,,
59913,,5,Response to Comments: Transesophageal Echocardiography (TEE),A,,
59915,,6,Billing and Coding: Pharmacogenomic Testing,A,2026-04-01 00:00:00,
59917,,5,Response to Comments: Micro-Invasive Glaucoma Surgery (MIGS) Article,A,,
59919,,6,Billing and Coding: MolDX: Non-Next Generation Sequencing Tests for the Diagnosis of BCR-ABL Negative Myeloproliferative Neoplasms,A,2025-11-20 00:00:00,
59928,,5,Response to Comments: Artificial Intelligence Enabled CT Based Quantitative Topography (AI-QCT)/Coronary Plaque Analysis (AI-CPA),A,,
59929,,5,Response to Comments: Artificial Intelligence Enabled CT Based Quantitative Coronary Topography (AI-QCT)/Coronary Plaque Analysis (AI-CPA),A,,
59930,,5,Response to Comments: Artificial Intelligence Enabled CT Based Quantitative Coronary Topography (AI-QCT)/Coronary Plaque Analysis (AI-CPA),A,,
59931,,5,Response to Comments: Transurethral Waterjet Ablation of the Prostate,A,,
59932,,5,Response to Comments: Transurethral Waterjet Ablation of the Prostate,A,,
59934,,5,Response to Comments: Micro-Invasive Glaucoma Surgery (MIGS) (DL39907),A,,
59935,,5,Response to Comments: Artificial Intelligence Enabled CT Based Quantitative Topography (AI-QCT)/Coronary Plaque Analysis (AI-CPA),A,,
59936,,5,Response to Comments: Artificial Intelligence Enabled CT Based Quantitative Topography (AI-QCT)/Coronary Plaque Analysis (AI-CPA),A,,
59937,,5,Response to Comments: Artificial Intelligence Enabled CT Based Quantitative Topography (AI-QCT)/Coronary Plaque Analysis (AI-CPA),A,,
59939,,6,Billing and Coding: MolDX: Non-Next Generation Sequencing Tests for the Diagnosis of BCR-ABL Negative Myeloproliferative Neoplasms,A,2025-11-20 00:00:00,
59943,,5,Response to Comments: Total Shoulder Arthroplasty,A,,
59946,,5,Response to Comments: Magnetic Resonance Angiography,A,,
59948,,5,Response to Comments: Minimally Invasive Arthrodesis of the Sacroiliac Joint (SIJ),A,,
59949,,5,Response to Comments: Magnetic Resonance Imaging of the Head and Neck,A,,
59957,,5,Response to Comments: Minimally Invasive Arthrodesis of the Sacroiliac Joint (SIJ),A,,
59960,56605,6,Billing and Coding: B-type Natriuretic Peptide (BNP) Testing,P,,
59961,,5,Response to Comments: Minimally Invasive Arthrodesis of the Sacroiliac Joint (SIJ),A,,
59962,,5,Response to Comments: Minimally Invasive Arthrodesis of the Sacroiliac Joint (SIJ),A,,
59963,,5,Response to Comments: Urine Drug Testing,A,,
59964,,5,Response to Comments: Urine Drug Testing,A,,
59965,,5,Response to Comments: Radiation Therapies,A,,
59967,,5,Response to Comments: Genetic Testing in Oncology: Specific Tests,A,,
59968,,5,Response to Comments: Molecular Pathology Procedures,A,,
59971,,6,Billing and Coding: Allergen Immunotherapy (AIT) with Subcutaneous Immunotherapy (SCIT),A,,
59973,,6,Billing and Coding: Allergen Immunotherapy (AIT) with Subcutaneous Immunotherapy (SCIT),A,2026-04-01 00:00:00,
59976,,6,Billing and Coding: Allergen Immunotherapy (AIT) with Subcutaneous Immunotherapy (SCIT),A,2025-11-06 00:00:00,
59979,,5,Response to Comments: Non-Invasive Vascular Studies,A,,
59981,,6,Billing and Coding: Allergen Immunotherapy (AIT) with Subcutaneous Immunotherapy (SCIT),A,,
59982,,5,Response to Comments: Pharmacogenomic Testing,A,,
59983,,5,"Response to Comments: Drugs and Biologicals, Coverage of, for Label and Off-Label Uses",A,,
59984,,5,Response to Comments: Genomic Sequence Analysis Panels in the Treatment of Hematolymphoid Diseases,A,,
59985,,5,Response to Comments: Intervertebral Disc Repair,A,,
59986,,5,Response to Comments: Botulinum Toxin Injections,A,,
60145,60146,6,Billing and Coding: MolDX: Molecular Testing for Solid Organ Allograft Rejection,P,,
60146,,6,Billing and Coding: MolDX: Molecular Testing for Solid Organ Allograft Rejection,A,,
60147,,5,Response to Comments: Intervertebral Disc Repair,A,,
60148,,5,Response to Comments: Intervertebral Disc Repair,A,,
60150,,5,Response to Comments: Intervertebral Disc Repair,A,,
60151,60152,6,Billing and Coding: MolDX: Molecular Testing for Solid Organ Allograft Rejection,P,,
60152,,6,Billing and Coding: MolDX: Molecular Testing for Solid Organ Allograft Rejection,A,2026-08-30 00:00:00,
60154,60155,6,Billing and Coding: MolDX: Molecular Testing for Solid Organ Allograft Rejection,P,,
60155,,6,Billing and Coding: MolDX: Molecular Testing for Solid Organ Allograft Rejection,A,2026-08-30 00:00:00,
60159,,5,Response to Comments: Magnetic Resonance Image Guided High Intensity Focused Ultrasound (MRgFUS) for Tremor,A,,
60160,60161,6,Billing and Coding: MolDX: Molecular Testing for Solid Organ Allograft Rejection,P,,
60161,,6,Billing and Coding: MolDX: Molecular Testing for Solid Organ Allograft Rejection,A,,
60162,,5,Response to Comments: Botulinum Toxins,A,,
60163,,5,Response to Comments: Botulinum Toxins,A,,
60176,,6,Billing and Coding: Superficial Radiation Therapy (SRT) for the Treatment of Nonmelanoma Skin Cancers (NMSC),A,2026-04-01 00:00:00,
60177,60176,6,Billing and Coding: Superficial Radiation Therapy (SRT) for the Treatment of Nonmelanoma Skin Cancers (NMSC),P,,
60178,57611,6,Billing and Coding: Lab: Special Histochemical Stains and Immunohistochemical Stains,P,,
60179,57614,6,Billing and Coding: Lab: Special Histochemical Stains and Immunohistochemical Stains,P,,
60180,60181,6,Billing and Coding: Superficial Radiation Therapy (SRT) for the Treatment of Nonmelanoma Skin Cancers (NMSC),P,,
60181,,6,Billing and Coding: Superficial Radiation Therapy (SRT) for the Treatment of Nonmelanoma Skin Cancers (NMSC),A,2026-03-01 00:00:00,
60184,60185,6,Billing and Coding: Superficial Radiation Therapy (SRT) for the Treatment of Nonmelanoma Skin Cancers (NMSC),P,,
60185,,6,Billing and Coding: Superficial Radiation Therapy (SRT) for the Treatment of Nonmelanoma Skin Cancers (NMSC),A,2026-03-01 00:00:00,
60188,,5,Response to Comments: Polysomnography and Other Sleep Studies,A,,
60189,,5,Response to Comments: Polysomnography and Other Sleep Studies,A,,
60190,,5,Response to Comments: MolDX: Molecular Testing for Identification and Management of Hereditary Transthyretin Amyloidosis,A,,
60191,,5,Response to Comments: MolDX: Molecular Testing for Identification and Management of Hereditary Transthyretin Amyloidosis,A,,
60194,57926,6,Billing and Coding: Fluid Jet System in the Treatment of Benign Prostatic Hyperplasia (BPH),P,,
60195,58227,6,Billing and Coding: Transurethral Waterjet Ablation of the Prostate,P,,
60196,58229,6,Billing and Coding: Transurethral Waterjet Ablation of the Prostate,P,,
60197,,5,Response to Comments: MolDX: Genetic Testing for Heritable Thoracic Aortic Disease,A,,
60198,,5,Response to Comments: Non-Invasive Vascular Studies,A,,
60199,,5,Response to Comments: MolDX: Genetic Testing for Heritable Thoracic Aortic Disease,A,,
60200,,5,Response to Comments: Non-Invasive Fractional Flow Reserve (FFR) for Ischemic Heart Disease,A,,
60201,,5,Response to Comments: MolDX: Molecular Testing for Identification and Management of Hereditary Transthyretin Amyloidosis,A,,
60202,,5,Response to Comments: MolDX: Molecular Testing for Identification and Management of Hereditary Transthyretin Amyloidosis,A,,
60204,60205,6,Billing and Coding: MolDX: Biomarker Testing for Risk Stratification in Metabolic Dysfunction-Associated Steatotic Liver Disease and Metabolic Dysfunction-Associated Steatohepatitis,P,,
60205,,6,Billing and Coding: MolDX: Biomarker Testing in Metabolic Dysfunction-Associated Steatotic Liver Disease and Metabolic Dysfunction-Associated Steatohepatitis,A,,
60206,,5,Response to Comments: MolDX: Genetic Testing for Heritable Thoracic Aortic Disease,A,,
60207,,5,Response to Comments: MolDX: Genetic Testing for Heritable Thoracic Aortic Disease,A,,
60210,60211,6,Billing and Coding: Superficial Radiation Therapy (SRT) for the Treatment of Nonmelanoma Skin Cancers (NMSC),P,,
60211,,6,Billing and Coding: Superficial Radiation Therapy (SRT) for the Treatment of Nonmelanoma Skin Cancers (NMSC),A,2026-03-01 00:00:00,
60212,60213,6,Billing and Coding: Superficial Radiation Therapy (SRT) for the Treatment of Nonmelanoma Skin Cancers (NMSC),P,,
60213,,6,Billing and Coding: Superficial Radiation Therapy (SRT) for the Treatment of Nonmelanoma Skin Cancers (NMSC),A,2026-03-01 00:00:00,
60214,60215,6,Billing and Coding: MolDX: Biomarker Testing for Risk Stratification in Metabolic Dysfunction-Associated Steatotic Liver Disease and Metabolic Dysfunction-Associated Steatohepatitis,P,,
60215,,6,Billing and Coding: MolDX: Biomarker Testing in Metabolic Dysfunction-Associated Steatotic Liver Disease and Metabolic Dysfunction-Associated Steatohepatitis,A,,
60216,60217,6,Billing and Coding: MolDX: Biomarker Testing for Risk Stratification in Metabolic Dysfunction-Associated Steatotic Liver Disease and Metabolic Dysfunction-Associated Steatohepatitis,P,,
60217,,6,Billing and Coding: MolDX: Biomarker Testing in Metabolic Dysfunction-Associated Steatotic Liver Disease and Metabolic Dysfunction-Associated Steatohepatitis,A,,
60218,,5,Response to Comments: Allergen Immunotherapy (AIT) with Subcutaneous Immunotherapy (SCIT),A,,
60219,,5,Response to Comments: MolDX: Molecular Testing for Identification and Management of Hereditary Transthyretin Amyloidosis,A,,
60220,,5,Response to Comments: MolDX: Genetic Testing for Heritable Thoracic Aortic Disease (DL39989),A,,
60221,60222,6,Billing and Coding: Irreversible Electroporation for Cancer,P,,
60222,,6,Billing and Coding: Irreversible Electroporation for Cancer,A,,
60223,,5,Response to Comments: MolDX: Non-Next Generation Sequencing Tests for the Diagnosis of BCR-ABL Negative Myeloproliferative Neoplasms,A,,
60227,,5,Response to Comments: MolDX: Non-Next Generation Sequencing Tests for the Diagnosis of BCR-ABL Negative Myeloproliferative Neoplasms,A,,
60228,,5,Response to Comments: MolDX: Non-Next Generation Sequencing Tests for the Diagnosis of BCR-ABL Negative Myeloproliferative Neoplasms,A,,
60234,58008,6,Billing and Coding: Transurethral Waterjet Ablation of the Prostate,P,,
60235,60236,6,Billing and Coding: MolDX: Non-Next Generation Sequencing Targeted Molecular Panel Tests for Predictive Testing in Cancer,P,,
60236,,6,Billing and Coding: MolDX: Non-Next Generation Sequencing Targeted Molecular Panel Tests for Targeted Therapy in Cancer,A,,
60237,,5,Response to Comments: Allergen Immunotherapy (AIT) with Subcutaneous Immunotherapy (SCIT),A,,
60238,60239,6,Billing and Coding: MolDX: Non-Next Generation Sequencing Targeted Molecular Panel Tests for Predictive Testing in Cancer,P,,
60239,,6,Billing and Coding: MolDX: Non-Next Generation Sequencing Targeted Molecular Panel Tests for Targeted Therapy in Cancer,A,,
60240,60241,6,Billing and Coding: MolDX: Non-Next Generation Sequencing Targeted Molecular Panel Tests for Predictive Testing in Cancer,P,,
60241,,6,Billing and Coding: MolDX: Non-Next Generation Sequencing Targeted Molecular Panel Tests for Targeted Therapy in Cancer,A,,
60244,60245,6,Billing and Coding: Automated Detection and Quantification of Brain Magnetic Resonance Imaging,P,,
60245,,6,Billing and Coding: Automated Detection and Quantification of Brain Magnetic Resonance Imaging,A,,
60246,60247,6,Billing and Coding: Endovascular Management for Peripheral Arterial Disease of the Upper and Lower Extremities,P,,
60247,,6,Billing and Coding: Endovascular Management for Peripheral Arterial Disease of the Upper and Lower Extremities,A,2026-04-12 00:00:00,
60248,,5,Response to Comments: MolDX: Non-Next Generation Sequencing Tests for the Diagnosis of BCR-ABL Negative Myeloproliferative Neoplasms,A,,
60249,60250,6,Billing and Coding: Total Joint Arthroplasty,P,,
60250,,6,Billing and Coding: Total Joint Arthroplasty,A,2026-03-15 00:00:00,
60251,,5,Response to Comments: DL40022 MolDX: Non-Next Generation Sequencing Tests for the Diagnosis of BCR-ABL Negative Myeloproliferative Neoplasms,A,,
60252,,5,Response to Comments: Off-Label Use of Intravenous Immune Globulin (IVIG),A,,
60253,,5,Response to Comments: Off-label Use of Rituximab and Rituximab Biosimilars,A,,
60254,,5,Response to Comments: Fluid Jet Treatment for LUTS/BPH,A,,
60255,60256,6,Billing and Coding: MolDX: Genetic Testing for Hereditary Thrombophilia,P,,
60256,,6,Billing and Coding: MolDX: Genetic Testing for Hereditary Thrombophilia,A,,
60257,,5,Response to Comments: Allergen Immunotherapy (AIT) with Subcutaneous Immunotherapy (SCIT),A,,
60271,60272,6,Billing and Coding: MolDX: Genetic Testing for Hereditary Thrombophilia,P,,
60272,,6,Billing and Coding: MolDX: Genetic Testing for Hereditary Thrombophilia,A,,
60273,60274,6,Billing and Coding: MolDX: Molecular Testing for Solid Organ Allograft Rejection,P,,
60274,,6,Billing and Coding: MolDX: Molecular Testing for Solid Organ Allograft Rejection,A,2026-08-30 00:00:00,
60276,,6,Billing and Coding: Allergen Immunotherapy (AIT) with Subcutaneous Immunotherapy (SCIT),A,,
60278,60279,6,Billing and Coding: Temporary Nontherapeutic Ambulatory Cardiac Monitoring Devices,P,,
60279,,6,Billing and Coding: Temporary Nontherapeutic Ambulatory Cardiac Monitoring Devices,A,,
60281,,5,Response to Comments: Allergen Immunotherapy (AIT) with Subcutaneous Immunotherapy (SCIT),A,,
60282,,5,Response to Comments: Allergen Immunotherapy (AIT) with Subcutaneous Immunotherapy (SCIT),A,,
60285,60286,6,Billing and Coding: Temporary Nontherapeutic Ambulatory Cardiac Monitoring Devices,P,,
60286,,6,Billing and Coding: Temporary Nontherapeutic Ambulatory Cardiac Monitoring Devices,A,2026-10-01 00:00:00,
60291,60292,6,Billing and Coding: Temporary Nontherapeutic Ambulatory Cardiac Monitoring Devices,P,,
60292,,6,Billing and Coding: Temporary Nontherapeutic Ambulatory Cardiac Monitoring Devices,A,,
60293,60294,6,Billing and Coding: MolDX: Genetic Testing for Hereditary Thrombophilia,P,,
60294,,6,Billing and Coding: MolDX: Genetic Testing for Hereditary Thrombophilia,A,,
60295,60296,6,Billing and Coding: Peripheral Nerve Blocks and Procedures for Chronic Pain,P,,
60296,,6,Billing and Coding: Peripheral Nerve Injections and Procedures for Chronic Pain,A,,
60297,60298,6,Billing and Coding: Peripheral Nerve Blocks and Procedures for Chronic Pain,P,,
60298,,6,Billing and Coding: Peripheral Nerve Injections and Procedures for Chronic Pain,A,,
60299,60300,6,Billing and Coding: Peripheral Nerve Blocks and Procedures for Chronic Pain,P,,
60300,,6,Billing and Coding: Peripheral Nerve Injections and Procedures for Chronic Pain,A,,
60301,60302,6,Billing and Coding: Peripheral Nerve Blocks and Procedures for Chronic Pain,P,,
60302,,6,Billing and Coding: Peripheral Nerve Injections and Procedures for Chronic Pain,A,,
60304,52863,6,"Billing and Coding: Pain Management - injection of tendon sheaths, ligaments, bursa, and ganglion cysts",P,,
60305,60306,6,Billing and Coding: MolDX: Biomarker Testing for Risk Stratification in Metabolic Dysfunction-Associated Steatotic Liver Disease and Metabolic Dysfunction-Associated Steatohepatitis,P,,
60306,,6,Billing and Coding: MolDX: Biomarker Testing  in Metabolic Dysfunction-Associated Steatotic Liver Disease and Metabolic Dysfunction-Associated Steatohepatitis,A,,
60307,60308,6,Billing and Coding: MolDX: Genetic Testing for Hereditary Thrombophilia,P,,
60308,,6,Billing and Coding: MolDX: Genetic Testing for Hereditary Thrombophilia,A,,
60309,60310,6,Billing and Coding: MolDX: Non-Next Generation Sequencing Targeted Molecular Panel Tests for Predictive Testing in Cancer,P,,
60310,,6,Billing and Coding: MolDX: Non-Next Generation Sequencing Targeted Molecular Panel Tests for Targeted Therapy in Cancer,A,,
60312,,5,Response to Comments: Lab: Special Histochemical and Immunohistochemical Stains,A,,
60314,60315,6,Billing and Coding: Non-Invasive Arterial Duplex Ultrasound of the Upper and Lower Extremities,P,,
60315,,6,Billing and Coding: Non-Invasive Arterial Duplex Ultrasound of the Upper and Lower Extremities,A,2026-06-08 00:00:00,
60317,60318,6,Billing and Coding: Non-Invasive Arterial Duplex Ultrasound of the Upper and Lower Extremities,P,,
60318,,6,Billing and Coding: Non-Invasive Arterial Duplex Ultrasound of the Upper and Lower Extremities,A,2026-06-08 00:00:00,
60319,,5,Response to Comments: Allergen Immunotherapy (AIT) with Subcutaneous Immunotherapy DL36408,A,,
60320,,5,Response to Comments: Lab: Special Histochemical and Immunohistochemical Stains,A,,
60321,60322,6,Billing and Coding: Peripheral Nerve Blocks and Procedures for Chronic Pain,P,,
60322,,6,Billing and Coding: Peripheral Nerve Injections and Procedures for Chronic Pain,A,,
60323,60324,6,Billing and Coding: Thermal Destruction of the Intraosseous Basivertebral Nerve (BVN) for Vertebrogenic Lower Back Pain,P,,
60324,,6,Billing and Coding: Thermal Destruction of the Intraosseous Basivertebral Nerve (BVN) for Vertebrogenic Lower Back Pain,A,2026-07-15 00:00:00,
60325,57435,6,Billing and Coding: Magnetic Resonance Image Guided High Intensity Focused Ultrasound (MRgFUS) for Tremor,P,,
60333,57751,6,Billing and Coding: Trigger Point Injections,P,,
60340,57114,6,Billing and Coding: Trigger Point Injections,P,,
60341,,5,Response to Comments: Non-invasive Arterial Duplex Ultrasound of the Upper and Lower Extremities,A,,
60342,,5,Response to Comments: Non-invasive Arterial Duplex Ultrasound of the Upper and Lower Extremities,A,,
60343,,5,Response to Comments: Transurethral Waterjet Ablation of the Prostate,A,,
60344,,5,Response to Comments: Fluid Jet System in the Treatment of Benign Prostatic Hyperplasia (BPH),A,,
60346,,5,Response to Comments: Transurethral Waterjet Ablation of the Prostate (L38682),A,,
60347,,5,Response to Comments: Transurethral Waterjet Ablation of the Prostate,A,,
60348,,5,Response to Comments: Transurethral Waterjet Ablation of the Prostate,A,,
60349,,5,Response to Comments: Botulinum Toxin Injections,A,,
60350,,5,"Response to Comments: DL40193, Superficial Radiation Therapy (SRT) for the Treatment of Nonmelanoma Skin Cancers (NMSC)",A,,
60352,,5,Response to Comments: Botulinum Toxin Injections,A,,
60353,,5,Response to Comments: Urological Supplies - DL33803,A,,
60354,,5,Response to Comments: Superficial Radiation Therapy (SRT) for the Treatment of Nonmelanoma Skin Cancers (NMSC),A,,
60355,,5,Response to Comments: Superficial Radiation Therapy (SRT) for the Treatment of Nonmelanoma Skin Cancers (NMSC),A,,
60356,,5,Response to Comments: Superficial Radiation Therapy (SRT) for the Treatment of Nonmelanoma Skin Cancers (NMSC),A,,
60357,,5,Response to Comments: Superficial Radiation Therapy (SRT) for the Treatment of Nonmelanoma Skin Cancers (NMSC),A,,
60359,,5,Response to Comments: Irreversible Electroporation for Cancer,A,,
60360,60361,6,Billing and Coding: Allergy Diagnostic Testing,P,,
60361,,6,Billing and Coding: Allergy Diagnostic Testing,A,,
60362,,5,Response to Comments: Automated Detection and Quantification of Brain MRIs,A,,
60363,60364,6,Billing and Coding: Allergy Diagnostic Testing,P,,
60364,,6,Billing and Coding: Allergy Diagnostic Testing,A,,
60365,,5,Response to Comments: Botulinum Toxin Injections,A,,
60366,,5,Response to Comments: Botulinum Toxin Injections,A,,
60371,,5,Response to Comments: Knee Orthoses - DL33318,A,,
60373,,5,Response to Comments: External Infusion Pumps – DL33794,A,,
60374,60375,6,Billing and Coding: Allergy Diagnostic Testing,P,,
60375,,6,Billing and Coding: Allergy Diagnostic Testing,A,,
60376,60377,6,Billing and Coding: Allergy Diagnostic Testing,P,,
60377,,6,Billing and Coding: Allergy Diagnostic Testing,A,,
60378,,5,Response to Comments: Nebulizers – DL33370,A,,
60380,60381,6,Billing and Coding: Erythropoiesis Stimulating Agents,P,,
60381,,6,Billing and Coding: Erythropoiesis Stimulating Agents,A,2026-07-15 00:00:00,
60382,,5,Response to Comments: B-type Natriuretic Peptide (BNP) Testing,A,,
60384,,5,Response to Comments: Botulinum Toxin Injections DL39909,A,,
60386,,5,Response to Comments: Magnetic Resonance Image Guided High Intensity Focused Ultrasound (MRgFUS) for Tremor,A,,
60390,60391,6,Billing and Coding: Allergy Diagnostic Testing,P,,
60391,,6,Billing and Coding: Allergy Diagnostic Testing,A,,
60393,60394,6,Billing and Coding: Computed Tomography Cerebral Perfusion Analysis (CTP),P,,
60397,60398,6,Billing and Coding: Automated Detection and Quantification of Brain MRIs,P,,
60399,,5,Response to Comments: Total Joint Arthroplasty,A,,
60400,,5,Response to Comments: Endovascular Management for Peripheral Arterial Disease of the Upper and Lower Extremities,A,,
60407,60408,6,Billing and Coding: Anterior segment intraocular nonbiodegradable drug-eluting system,P,,
60409,56199,6,Billing and Coding: Molecular Pathology Procedures,P,,
60410,60411,6,Billing and Coding: Anterior Segment Intraocular Nonbiodegradable Drug-eluting System,P,,
60417,,5,Response to Comments: Erythropoiesis Stimulating Agents,A,,
60418,60419,6,Billing and Coding: Anterior segment intraocular nonbiodegradable drug-eluting system,P,,
60420,60421,6,Billing and Coding: Anterior segment intraocular nonbiodegradable drug-eluting system,P,,
60422,59726,6,Billing and Coding: Botulinum Toxins Injections,P,,
60423,60424,6,Billing and Coding: Urine-based Biomarkers in Patients with Microhematuria,P,,
60425,60426,6,Billing and Coding: Urine-based Biomarkers in Patients with Microhematuria,P,,
60428,,5,Response to Comments: Temporary Nontherapeutic Ambulatory Cardiac Monitoring Devices,A,,
60430,,5,Response to Comments: Thermal Destruction of the Intraosseous Basivertebral Nerve (BVN) for Vertebrogenic Lower Back Pain,A,,
60431,,5,Response to Comments: Temporary Nontherapeutic Ambulatory Cardiac Monitoring Devices,A,,
60432,60433,6,Billing and Coding: Anterior segment intraocular nonbiodegradable drug-eluting system,P,,
60435,56462,6,Billing and Coding: Erythropoiesis Stimulating Agents (ESA),P,,
60436,,5,Response to Comments: Trigger Point Injections,A,,
60437,,5,Response to Comments: Trigger Point Injections,A,,
60438,,5,Response to Comments: MolDX: Molecular Testing for Solid Organ Allograft Rejection,A,,
60439,,5,Response to Comments: MolDX: Molecular Testing for Solid Organ Allograft Rejection,A,,
60440,,5,Response to Comments: Temporary Nontherapeutic Ambulatory Cardiac Monitoring Devices,A,,
60446,,5,Response to Comments: MolDX: Molecular Testing for Solid Organ Allograft Rejection,A,,
60447,,5,Response to Comments: MolDX: Molecular Testing for Solid Organ Allograft Rejection,A,,
60449,,5,Response to Comments: MolDX: Biomarker Testing in Metabolic Dysfunction-Associated Steatotic Liver Disease and Metabolic Dysfunction-Associated Steatohepatitis,A,,
60450,,5,Response to Comments: MolDX: Biomarker Testing in Metabolic Dysfunction-Associated Steatotic Liver Disease and Metabolic Dysfunction-Associated Steatohepatitis,A,,
60451,,5,Response to Comments: Molecular Pathology Procedures,A,,
60452,,5,Response to Comments: Transcranial Magnetic Stimulation,A,,
60458,,5,Response to Comments: MolDX: Biomarker Testing in Metabolic Dysfunction-Associated Steatotic Liver Disease and Metabolic Dysfunction-Associated Steatohepatitis,A,,
60459,,5,Response to Comments: MolDX: Biomarker Testing in Metabolic Dysfunction-Associated Steatotic Liver Disease and Metabolic Dysfunction-Associated Steatohepatitis,A,,
60462,,6,Billing and Coding: Endometrial Hyperplasia Treatment,A,,
60463,,5,Response to Comments: MolDX: Molecular Testing for Solid Organ Allograft Rejection,A,,
60464,,5,Response to Comments: Peripheral Nerve Injections and Procedures for Chronic Pain,A,,
60465,,5,Response to Comments: Peripheral Nerve Injections and Procedures for Chronic Pain,A,,
60466,,5,Response to Comments: MolDX: Genetic Testing for Hereditary Thrombophilia,A,,
60467,,5,Response to Comments: MolDX: Genetic Testing for Hereditary Thrombophilia,A,,
60468,,5,Response to Comments: MolDX: Genetic Testing for Hereditary Thrombophilia A60468,A,,
60469,60470,6,Billing and Coding: MolDX: Genome-Wide Molecular Methodologies for the Detection of Copy Number Alterations and Structural Variants in Hematologic Neoplasms,P,,
60475,60476,6,Billing and Coding: MolDX: Genome-Wide Molecular Methodologies for the Detection of Copy Number Alterations and Structural Variants in Hematologic Neoplasms,P,,
60489,60490,6,Billing and Coding: MolDX: Next-Generation Sequencing for Hematologic Malignancies and Suspected Hematologic Malignancies,P,,
60491,60492,6,Billing and Coding: MolDX: Next-Generation Sequencing for Hematologic Malignancies and Suspected Hematologic Malignancies,P,,
60493,60494,6,Billing and Coding: MolDX: Genome-Wide Molecular Methodologies for the Detection of Copy Number Alterations and Structural Variants in Hematologic Neoplasms,P,,
60495,,5,Response to Comments: MolDX: Non-Next Generation Sequencing Targeted Molecular Panel Tests for Targeted Therapy in Cancer,A,,
60496,,5,Response to Comments: Peripheral Nerve Injections and Procedures for Chronic Pain,A,,
60499,,5,Response to Comments: Erythropoiesis Stimulating Agents (ESA),A,,
60507,,6,Billing and Coding: Cryoneurolysis Instructions,A,,
60509,,5,Response to Comments: MolDX: Non-Next Generation Sequencing Targeted Molecular Panel Tests for Targeted Therapy in Cancer A60509 Article,A,,
60510,,5,Response to Comments: Allergy Diagnostic Testing,A,,
60511,,5,"Response to Comments: Pain Management - injection of tendon sheaths, ligaments, bursa, and ganglion cysts",A,,
60512,,5,Response to Comments: Peripheral Nerve Injections and Procedures for Chronic Pain,A,,
60513,,5,Response to Comments: Allergy Diagnostic Testing,A,,
60518,,5,Response to Comments: Allergy Diagnostic Testing,A,,
60522,,5,Response to Comments: Peripheral Nerve Injections and Procedures for Chronic Pain (DL40300),A,,
60523,,5,Response to Comments: Allergy Diagnostic Testing,A,,
60524,,5,Response to Comments: Allergy Diagnostic Testing,A,,
60525,60526,6,Billing and Coding: MolDX: Next-Generation Sequencing for Hematologic Malignancies and Suspected Hematologic Malignancies,P,,
60527,,5,Response to Comments: MolDX: Non-Next Generation Sequencing Targeted Molecular Panel Tests for Targeted Therapy in Cancer,A,,
60530,,5,Response to Comments: MolDX: Non-Next Generation Sequencing Targeted Molecular Panel Tests for Targeted Therapy in Cancer,A,,
60532,,5,Response to Comments: MolDX: Genetic Testing for Hereditary Thrombophilia,A,,
